n,repeat,scorer,KS,KS_p,CVM,CVM_p
200,0,entropy-2-mse,0.1,0.2704743832803917,0.17998749999999575,0.31076949313699864
200,1,entropy-2-mse,0.075,0.6284308022715471,0.07334374999999227,0.7344410532071718
200,2,entropy-2-mse,0.075,0.6284308022715471,0.06582499999998959,0.7808084116017648
200,3,entropy-2-mse,0.1,0.2704743832803917,0.20522499999999866,0.2582573606323698
200,4,entropy-2-mse,0.05,0.9646522162314058,0.05871249999999861,0.8255731334610387
200,5,entropy-2-mse,0.165,0.008539483949831865,0.4794874999999905,0.04493170537441149
200,6,entropy-2-mse,0.045,0.9877895282790693,0.033287500000000136,0.9664683629220353
200,7,entropy-2-mse,0.04,0.9973277498238406,0.02503124999999784,0.9907159326738245
200,8,entropy-2-mse,0.05,0.9646522162314058,0.03772499999999468,0.9472715533883008
200,9,entropy-2-mse,0.135,0.052139087188847716,0.524181249999998,0.03459420430359006
200,10,entropy-2-mse,0.075,0.6284308022715471,0.11384999999999934,0.5232392596924831
200,11,entropy-2-mse,0.07,0.7125821300149116,0.1535812499999878,0.3801256776243309
200,12,entropy-2-mse,0.07,0.7125821300149116,0.08606874999999548,0.6603987606119175
200,13,entropy-2-mse,0.09,0.39352743357720954,0.19671249999998963,0.27468766399611755
200,14,entropy-2-mse,0.06,0.8655265369450457,0.08451875000000086,0.6690626044714107
200,15,entropy-2-mse,0.09,0.39352743357720954,0.15119999999998868,0.38725805181447215
200,16,entropy-2-mse,0.09,0.39352743357720954,0.1688999999999936,0.3378530007032955
200,17,entropy-2-mse,0.075,0.6284308022715471,0.09404999999999575,0.617472474061572
200,18,entropy-2-mse,0.06,0.8655265369450457,0.04945624999999154,0.8829795574306918
200,19,entropy-2-mse,0.055,0.9238374197330625,0.044399999999996,0.9124886749020756
200,20,entropy-2-mse,0.12,0.11228360286766195,0.21889999999999077,0.23424357124240025
200,21,entropy-2-mse,0.13,0.06801920461119272,0.3868499999999955,0.07835043650354323
200,22,entropy-2-mse,0.085,0.46628639073563594,0.1369937499999878,0.4333300424581483
200,23,entropy-2-mse,0.05,0.9646522162314058,0.048031249999993975,0.8914932120916466
200,24,entropy-2-mse,0.055,0.9238374197330625,0.05293749999999875,0.8617136762172898
200,25,entropy-2-mse,0.085,0.46628639073563594,0.11560000000000059,0.5157202030665963
200,26,entropy-2-mse,0.085,0.46628639073563594,0.11882500000000107,0.5021892169252389
200,27,entropy-2-mse,0.075,0.6284308022715471,0.11903749999999036,0.5013122520365139
200,28,entropy-2-mse,0.07,0.7125821300149116,0.11696249999999964,0.5099525669966394
200,29,entropy-2-mse,0.13,0.06801920461119272,0.3716999999999899,0.08600914169635587
200,30,entropy-2-mse,0.115,0.1420746514551761,0.32320624999999836,0.11660530995442453
200,31,entropy-2-mse,0.11,0.17793352788293415,0.3452750000000009,0.10140314075854562
200,32,entropy-2-mse,0.13,0.06801920461119272,0.3272750000000002,0.11362203530072412
200,33,entropy-2-mse,0.08,0.5452713464323318,0.06055624999999054,0.8139451924424144
200,34,entropy-2-mse,0.09,0.39352743357720954,0.1919312499999961,0.2844639417735588
200,35,entropy-2-mse,0.085,0.46628639073563594,0.1298937499999937,0.4588144248770152
200,36,entropy-2-mse,0.125,0.0878382826713132,0.18339374999999336,0.3029797886956499
200,37,entropy-2-mse,0.075,0.6284308022715471,0.11126874999999359,0.5345612797073738
200,38,entropy-2-mse,0.09,0.39352743357720954,0.08440625000000068,0.6696954842342233
200,39,entropy-2-mse,0.085,0.46628639073563594,0.1252749999999878,0.4763532557620672
200,40,entropy-2-mse,0.06,0.8655265369450457,0.07473124999999925,0.7260665037495859
200,41,entropy-2-mse,0.06,0.8655265369450457,0.05664374999999211,0.8385920967779225
200,42,entropy-2-mse,0.095,0.32811544409418575,0.2244187499999981,0.22530756736099433
200,43,entropy-2-mse,0.07,0.7125821300149116,0.1041562499999884,0.5672247453776397
200,44,entropy-2-mse,0.07,0.7125821300149116,0.1128937499999978,0.5274012313660419
200,45,entropy-2-mse,0.065,0.7933622419382523,0.10486874999999429,0.5638538244162565
200,46,entropy-2-mse,0.09,0.39352743357720954,0.14676249999999413,0.4009856409317464
200,47,entropy-2-mse,0.105,0.220541217580421,0.19252499999998918,0.28322748735267145
200,48,entropy-2-mse,0.055,0.9238374197330625,0.043718749999996476,0.9162921548106175
200,49,entropy-2-mse,0.055,0.9238374197330625,0.052293749999989814,0.8656872268987743
200,50,entropy-2-mse,0.05,0.9646522162314058,0.04646874999998829,0.9006636214413173
200,51,entropy-2-mse,0.07,0.7125821300149116,0.07163124999999582,0.744864343101323
200,52,entropy-2-mse,0.07,0.7125821300149116,0.09498749999998779,0.6126181159409019
200,53,entropy-2-mse,0.05,0.9646522162314058,0.0334749999999957,0.9657354202449209
200,54,entropy-2-mse,0.105,0.220541217580421,0.15356874999999093,0.3801627013962171
200,55,entropy-2-mse,0.065,0.7933622419382523,0.053943750000001955,0.8554731107899943
200,56,entropy-2-mse,0.07,0.7125821300149116,0.10173125000000027,0.5788654690586005
200,57,entropy-2-mse,0.04,0.9973277498238406,0.024349999999998317,0.9919781349632907
200,58,entropy-2-mse,0.115,0.1420746514551761,0.2464062499999926,0.19346069275551647
200,59,entropy-2-mse,0.16,0.011843449760085422,0.9383312499999903,0.003424845298730661
200,60,entropy-2-mse,0.045,0.9877895282790693,0.03162499999999113,0.9726357918681846
200,61,entropy-2-mse,0.055,0.9238374197330625,0.06518749999999329,0.7847999896475207
200,62,entropy-2-mse,0.09,0.39352743357720954,0.15803749999999184,0.36719997396008697
200,63,entropy-2-mse,0.075,0.6284308022715471,0.10129374999999641,0.5809933625110162
200,64,entropy-2-mse,0.095,0.32811544409418575,0.1946374999999989,0.2788802134320447
200,65,entropy-2-mse,0.055,0.9238374197330625,0.05380624999999384,0.8563278005129229
200,66,entropy-2-mse,0.095,0.32811544409418575,0.2054062499999958,0.257920471222015
200,67,entropy-2-mse,0.11,0.17793352788293415,0.21373124999999504,0.2429951017686235
200,68,entropy-2-mse,0.095,0.32811544409418575,0.11704999999999188,0.5095847335844927
200,69,entropy-2-mse,0.08,0.5452713464323318,0.10355624999999691,0.5700807298216763
200,70,entropy-2-mse,0.075,0.6284308022715471,0.1730562500000019,0.3273790199694441
200,71,entropy-2-mse,0.065,0.7933622419382523,0.08983750000000157,0.639773859276996
200,72,entropy-2-mse,0.07,0.7125821300149116,0.08605624999999861,0.6604682117356186
200,73,entropy-2-mse,0.065,0.7933622419382523,0.10271249999999554,0.574123834037783
200,74,entropy-2-mse,0.06,0.8655265369450457,0.07508124999999666,0.7239644853451022
200,75,entropy-2-mse,0.09,0.39352743357720954,0.1701125000000019,0.3347561541640922
200,76,entropy-2-mse,0.1,0.2704743832803917,0.20976874999999495,0.2499674747922208
200,77,entropy-2-mse,0.065,0.7933622419382523,0.1362749999999977,0.4358314514688003
200,78,entropy-2-mse,0.07,0.7125821300149116,0.080987499999992,0.6891845477485776
200,79,entropy-2-mse,0.09,0.39352743357720954,0.21696874999999238,0.23746912117130592
200,80,entropy-2-mse,0.06,0.8655265369450457,0.05719374999999616,0.8351358169301268
200,81,entropy-2-mse,0.08,0.5452713464323318,0.13606874999999263,0.43655244128282034
200,82,entropy-2-mse,0.055,0.9238374197330625,0.03740624999998943,0.9487706843499969
200,83,entropy-2-mse,0.09,0.39352743357720954,0.09649999999999181,0.6048700661608999
200,84,entropy-2-mse,0.06,0.8655265369450457,0.06855000000000189,0.763836126956795
200,85,entropy-2-mse,0.065,0.7933622419382523,0.05888749999999732,0.8244700044969926
200,86,entropy-2-mse,0.075,0.6284308022715471,0.13673124999999686,0.4342415999122663
200,87,entropy-2-mse,0.08,0.5452713464323318,0.1401812499999977,0.4224423636623287
200,88,entropy-2-mse,0.115,0.1420746514551761,0.37330624999999884,0.08515971613054818
200,89,entropy-2-mse,0.13,0.06801920461119272,0.5305937499999942,0.03333018095811002
200,90,entropy-2-mse,0.095,0.32811544409418575,0.12097500000000139,0.49339845209720945
200,91,entropy-2-mse,0.08,0.5452713464323318,0.2017562499999883,0.2648069189453919
200,92,entropy-2-mse,0.105,0.220541217580421,0.15756874999999582,0.3685343412671097
200,93,entropy-2-mse,0.08,0.5452713464323318,0.1268937499999936,0.4701172902115077
200,94,entropy-2-mse,0.135,0.052139087188847716,0.5339999999999918,0.032678532378177416
200,95,entropy-2-mse,0.055,0.9238374197330625,0.054099999999991155,0.8545011780642969
200,96,entropy-2-mse,0.06,0.8655265369450457,0.0866937499999949,0.6569349369965783
200,97,entropy-2-mse,0.05,0.9646522162314058,0.0480937499999925,0.8911226315969802
200,98,entropy-2-mse,0.06,0.8655265369450457,0.08403749999999377,0.6717737419345988
200,99,entropy-2-mse,0.06,0.8655265369450457,0.05308749999998952,0.8607855839365217
200,100,entropy-2-mse,0.085,0.46628639073563594,0.15856249999998795,0.3657124112643262
200,101,entropy-2-mse,0.06,0.8655265369450457,0.07381875000000093,0.7315667444686799
200,102,entropy-2-mse,0.095,0.32811544409418575,0.14914999999999168,0.3935281073557506
200,103,entropy-2-mse,0.085,0.46628639073563594,0.20810000000000173,0.2529747360928114
200,104,entropy-2-mse,0.08,0.5452713464323318,0.18135624999999322,0.30761067584700674
200,105,entropy-2-mse,0.065,0.7933622419382523,0.036006249999999795,0.9551458830103979
200,106,entropy-2-mse,0.06,0.8655265369450457,0.07351874999999097,0.7333812225225406
200,107,entropy-2-mse,0.095,0.32811544409418575,0.12514999999999077,0.4768388562798661
200,108,entropy-2-mse,0.11,0.17793352788293415,0.2363687499999969,0.20729679392698952
200,109,entropy-2-mse,0.105,0.220541217580421,0.23238750000000152,0.21310282988332696
200,110,entropy-2-mse,0.045,0.9877895282790693,0.030668749999989586,0.9759036567801781
200,111,entropy-2-mse,0.1,0.2704743832803917,0.2792625000000015,0.15510414343568513
200,112,entropy-2-mse,0.105,0.220541217580421,0.35366249999999866,0.09621183059298044
200,113,entropy-2-mse,0.085,0.46628639073563594,0.13701249999999732,0.433265019077283
200,114,entropy-2-mse,0.09,0.39352743357720954,0.19855624999999577,0.27102547878069394
200,115,entropy-2-mse,0.13,0.06801920461119272,0.35690624999999443,0.09428321372303117
200,116,entropy-2-mse,0.105,0.220541217580421,0.292268749999991,0.14238720583665598
200,117,entropy-2-mse,0.055,0.9238374197330625,0.05888749999999732,0.8244700044969926
200,118,entropy-2-mse,0.095,0.32811544409418575,0.12959999999999638,0.45990678645642624
200,119,entropy-2-mse,0.095,0.32811544409418575,0.2145749999999964,0.24154038717982274
200,120,entropy-2-mse,0.07,0.7125821300149116,0.09839374999999961,0.5953144054403103
200,121,entropy-2-mse,0.05,0.9646522162314058,0.030462499999998727,0.9765808547874142
200,122,entropy-2-mse,0.11,0.17793352788293415,0.26441874999999015,0.17123093863601457
200,123,entropy-2-mse,0.055,0.9238374197330625,0.032062499999995,0.971071611147972
200,124,entropy-2-mse,0.065,0.7933622419382523,0.06543750000000159,0.7832338451196685
200,125,entropy-2-mse,0.075,0.6284308022715471,0.10763749999999561,0.5509649470463474
200,126,entropy-2-mse,0.065,0.7933622419382523,0.0926499999999919,0.6247955196093503
200,127,entropy-2-mse,0.075,0.6284308022715471,0.13704374999998947,0.4331566727821663
200,128,entropy-2-mse,0.115,0.1420746514551761,0.21061249999999632,0.24846312702702655
200,129,entropy-2-mse,0.08,0.5452713464323318,0.22506874999999127,0.2242817762219198
200,130,entropy-2-mse,0.125,0.0878382826713132,0.3670874999999967,0.0885002377074311
200,131,entropy-2-mse,0.125,0.0878382826713132,0.27290624999999125,0.16178677535881014
200,132,entropy-2-mse,0.085,0.46628639073563594,0.17911875000000066,0.31279467940193395
200,133,entropy-2-mse,0.085,0.46628639073563594,0.12388124999999661,0.4818009430892257
200,134,entropy-2-mse,0.06,0.8655265369450457,0.05835624999998856,0.8278181486576488
200,135,entropy-2-mse,0.055,0.9238374197330625,0.061868749999987926,0.8056681511764998
200,136,entropy-2-mse,0.14,0.03956202584899502,0.4113187499999924,0.06749875298385921
200,137,entropy-2-mse,0.075,0.6284308022715471,0.08078749999999957,0.6903397949606567
200,138,entropy-2-mse,0.08,0.5452713464323318,0.09644999999999015,0.6051245502233467
200,139,entropy-2-mse,0.12,0.11228360286766195,0.3917624999999987,0.07602888145140752
200,140,entropy-2-mse,0.11,0.17793352788293415,0.2898124999999965,0.1446952152988641
200,141,entropy-2-mse,0.075,0.6284308022715471,0.10241874999999823,0.5755388250143543
200,142,entropy-2-mse,0.07,0.7125821300149116,0.10342500000000143,0.5707075915664095
200,143,entropy-2-mse,0.06,0.8655265369450457,0.07428124999999852,0.7287753789238478
200,144,entropy-2-mse,0.055,0.9238374197330625,0.05939999999999657,0.8212384817480652
200,145,entropy-2-mse,0.095,0.32811544409418575,0.2535562499999884,0.18425881320192583
200,146,entropy-2-mse,0.04,0.9973277498238406,0.031237499999988927,0.973985222663837
200,147,entropy-2-mse,0.115,0.1420746514551761,0.28251874999999416,0.15180313014679603
200,148,entropy-2-mse,0.055,0.9238374197330625,0.07917499999999222,0.6997133006866623
200,149,entropy-2-mse,0.085,0.46628639073563594,0.1416687499999938,0.4174740986865587
200,150,entropy-2-mse,0.085,0.46628639073563594,0.11778124999999307,0.5065227297118169
200,151,entropy-2-mse,0.035,0.9997218397355462,0.020693749999992406,0.9969118096749807
200,152,entropy-2-mse,0.07,0.7125821300149116,0.07588749999999322,0.7191389159734789
200,153,entropy-2-mse,0.155,0.016258459276759563,0.594756249999989,0.02304499943175853
200,154,entropy-2-mse,0.04,0.9973277498238406,0.025268749999995066,0.990249334073414
200,155,entropy-2-mse,0.1,0.2704743832803917,0.21323124999999266,0.24386205604016886
200,156,entropy-2-mse,0.075,0.6284308022715471,0.07282499999999459,0.7375886036882336
200,157,entropy-2-mse,0.125,0.0878382826713132,0.18959999999999866,0.28938167972301876
200,158,entropy-2-mse,0.12,0.11228360286766195,0.28545624999999575,0.1488937725238585
200,159,entropy-2-mse,0.075,0.6284308022715471,0.12574374999999804,0.4745374552702999
200,160,entropy-2-mse,0.095,0.32811544409418575,0.1657249999999948,0.3461277433228641
200,161,entropy-2-mse,0.04,0.9973277498238406,0.03771874999999625,0.9473011121653899
200,162,entropy-2-mse,0.065,0.7933622419382523,0.08467499999999006,0.6681845104262156
200,163,entropy-2-mse,0.085,0.46628639073563594,0.1283249999999896,0.46468410549942374
200,164,entropy-2-mse,0.115,0.1420746514551761,0.29683124999999677,0.1382098563944102
200,165,entropy-2-mse,0.06,0.8655265369450457,0.07204374999999175,0.7423451877200847
200,166,entropy-2-mse,0.11,0.17793352788293415,0.24631250000000193,0.19358484491872774
200,167,entropy-2-mse,0.05,0.9646522162314058,0.04229999999999734,0.9240502679117629
200,168,entropy-2-mse,0.06,0.8655265369450457,0.07703749999998877,0.7122969803633721
200,169,entropy-2-mse,0.075,0.6284308022715471,0.0937687499999953,0.6189365203903648
200,170,entropy-2-mse,0.12,0.11228360286766195,0.40540624999999864,0.06996311709079728
200,171,entropy-2-mse,0.085,0.46628639073563594,0.13212499999998784,0.4506172795484893
200,172,entropy-2-mse,0.045,0.9877895282790693,0.02272499999999411,0.9945421217232031
200,173,entropy-2-mse,0.055,0.9238374197330625,0.06099374999999441,0.8111855788969127
200,174,entropy-2-mse,0.07,0.7125821300149116,0.09324999999999761,0.6216462400448024
200,175,entropy-2-mse,0.12,0.11228360286766195,0.38339999999999463,0.0800268165217991
200,176,entropy-2-mse,0.115,0.1420746514551761,0.24057499999999266,0.2013626495343117
200,177,entropy-2-mse,0.06,0.8655265369450457,0.05987499999999102,0.818242550596688
200,178,entropy-2-mse,0.07,0.7125821300149116,0.07618124999999054,0.717386605033336
200,179,entropy-2-mse,0.065,0.7933622419382523,0.08374999999999488,0.673398126597458
200,180,entropy-2-mse,0.125,0.0878382826713132,0.3111249999999899,0.1259916871079254
200,181,entropy-2-mse,0.065,0.7933622419382523,0.070931250000001,0.7491510083504496
200,182,entropy-2-mse,0.14,0.03956202584899502,0.3610749999999996,0.09186672022495668
200,183,entropy-2-mse,0.11,0.17793352788293415,0.1814687499999934,0.30735277041708864
200,184,entropy-2-mse,0.06,0.8655265369450457,0.04116249999999866,0.9300965192359996
200,185,entropy-2-mse,0.095,0.32811544409418575,0.14440624999998875,0.4085133620918612
200,186,entropy-2-mse,0.065,0.7933622419382523,0.08473124999999015,0.6678686546502004
200,187,entropy-2-mse,0.11,0.17793352788293415,0.25758749999999964,0.17929468889299371
200,188,entropy-2-mse,0.045,0.9877895282790693,0.042787499999988654,0.9214104527435948
200,189,entropy-2-mse,0.095,0.32811544409418575,0.21904374999999732,0.23400556027539776
200,190,entropy-2-mse,0.06,0.8655265369450457,0.05705624999998804,0.8360002963454436
200,191,entropy-2-mse,0.055,0.9238374197330625,0.03648749999999268,0.9529937940753787
200,192,entropy-2-mse,0.075,0.6284308022715471,0.05495624999998938,0.8491628081891833
200,193,entropy-2-mse,0.065,0.7933622419382523,0.04177500000000123,0.9268610884671385
200,194,entropy-2-mse,0.08,0.5452713464323318,0.13246249999998838,0.44939264108834265
200,195,entropy-2-mse,0.145,0.0297148244707607,0.5982937499999963,0.022584613679465515
200,196,entropy-2-mse,0.06,0.8655265369450457,0.08865000000000123,0.6462045411864261
200,197,entropy-2-mse,0.04,0.9973277498238406,0.02477499999999111,0.9912039240534262
200,198,entropy-2-mse,0.065,0.7933622419382523,0.07987500000000125,0.6956313072147611
200,199,entropy-2-mse,0.055,0.9238374197330625,0.04424999999999102,0.913330254679247
200,200,entropy-2-mse,0.14,0.03956202584899502,0.4879687499999932,0.04274445895721013
200,201,entropy-2-mse,0.09,0.39352743357720954,0.19703749999999332,0.2740378506505371
200,202,entropy-2-mse,0.095,0.32811544409418575,0.22509999999999764,0.2242325981201171
200,203,entropy-2-mse,0.05,0.9646522162314058,0.0388499999999965,0.9418472530283045
200,204,entropy-2-mse,0.075,0.6284308022715471,0.17410624999999413,0.3247952709960985
200,205,entropy-2-mse,0.09,0.39352743357720954,0.13011874999999407,0.45797981110173813
200,206,entropy-2-mse,0.05,0.9646522162314058,0.04691249999999059,0.8980784090351773
200,207,entropy-2-mse,0.075,0.6284308022715471,0.11961249999998813,0.49894824325075704
200,208,entropy-2-mse,0.085,0.46628639073563594,0.16614374999998915,0.3450224794757146
200,209,entropy-2-mse,0.095,0.32811544409418575,0.18778749999999889,0.29327572978652816
200,210,entropy-2-mse,0.06,0.8655265369450457,0.05352499999999338,0.8580741826701587
200,211,entropy-2-mse,0.06,0.8655265369450457,0.07057499999999095,0.7513381244884402
200,212,entropy-2-mse,0.085,0.46628639073563594,0.12403750000000002,0.48118656831589757
200,213,entropy-2-mse,0.085,0.46628639073563594,0.16658124999999302,0.3438722792032878
200,214,entropy-2-mse,0.055,0.9238374197330625,0.06768124999999259,0.7692295664733502
200,215,entropy-2-mse,0.085,0.46628639073563594,0.12583749999998872,0.4741752785730624
200,216,entropy-2-mse,0.05,0.9646522162314058,0.039549999999991314,0.9383720545627814
200,217,entropy-2-mse,0.075,0.6284308022715471,0.07503749999999343,0.7242270017232628
200,218,entropy-2-mse,0.095,0.32811544409418575,0.218324999999993,0.23519848165674084
200,219,entropy-2-mse,0.08,0.5452713464323318,0.19106250000000102,0.28628475214388516
200,220,entropy-2-mse,0.07,0.7125821300149116,0.1017187499999892,0.5789261478412873
200,221,entropy-2-mse,0.1,0.2704743832803917,0.14666874999998925,0.4012819398228964
200,222,entropy-2-mse,0.08,0.5452713464323318,0.1359687499999893,0.43690252665740337
200,223,entropy-2-mse,0.14,0.03956202584899502,0.5585374999999999,0.02836111052327972
200,224,entropy-2-mse,0.07,0.7125821300149116,0.08303124999999056,0.6774745229382255
200,225,entropy-2-mse,0.085,0.46628639073563594,0.13162499999999966,0.45243888976714197
200,226,entropy-2-mse,0.05,0.9646522162314058,0.028293749999988904,0.9830900550586871
200,227,entropy-2-mse,0.045,0.9877895282790693,0.02693749999998829,0.9865793285108123
200,228,entropy-2-mse,0.09,0.39352743357720954,0.22747499999999832,0.22053193621131073
200,229,entropy-2-mse,0.105,0.220541217580421,0.19454999999999245,0.2790586843931451
200,230,entropy-2-mse,0.055,0.9238374197330625,0.058831249999997226,0.8248246019862788
200,231,entropy-2-mse,0.04,0.9973277498238406,0.03414374999999836,0.9630617372114564
200,232,entropy-2-mse,0.08,0.5452713464323318,0.18207499999999754,0.3059674192100693
200,233,entropy-2-mse,0.125,0.0878382826713132,0.2097187499999933,0.25005696043485803
200,234,entropy-2-mse,0.105,0.220541217580421,0.28207499999999186,0.15224823217862749
200,235,entropy-2-mse,0.065,0.7933622419382523,0.09724999999998829,0.6010663303347306
200,236,entropy-2-mse,0.125,0.0878382826713132,0.37535624999999584,0.08408889816161969
200,237,entropy-2-mse,0.085,0.46628639073563594,0.21711249999999893,0.23722722933746088
200,238,entropy-2-mse,0.07,0.7125821300149116,0.08488749999999357,0.6669919952924127
200,239,entropy-2-mse,0.1,0.2704743832803917,0.18199374999998952,0.3061526480161406
200,240,entropy-2-mse,0.065,0.7933622419382523,0.08405624999998906,0.6716679268464232
200,241,entropy-2-mse,0.11,0.17793352788293415,0.24721875000000182,0.19238857772647644
200,242,entropy-2-mse,0.075,0.6284308022715471,0.14600624999999923,0.40338333018579164
200,243,entropy-2-mse,0.06,0.8655265369450457,0.06578125000000057,0.7810821195832209
200,244,entropy-2-mse,0.095,0.32811544409418575,0.18596875000000068,0.29724663637892945
200,245,entropy-2-mse,0.075,0.6284308022715471,0.11136874999999691,0.5341174637460855
200,246,entropy-2-mse,0.075,0.6284308022715471,0.12210625000000164,0.48884554239186595
200,247,entropy-2-mse,0.11,0.17793352788293415,0.20928124999998943,0.2508415857582086
200,248,entropy-2-mse,0.08,0.5452713464323318,0.14900624999999934,0.3939723585378666
200,249,entropy-2-mse,0.08,0.5452713464323318,0.07078749999999445,0.7500330893012461
200,250,entropy-2-mse,0.085,0.46628639073563594,0.19223124999999186,0.2838383999994487
200,251,entropy-2-mse,0.12,0.11228360286766195,0.2929562499999889,0.14174869264901913
200,252,entropy-2-mse,0.1,0.2704743832803917,0.17341249999999775,0.3264996199366592
200,253,entropy-2-mse,0.09,0.39352743357720954,0.14599374999998815,0.40342310647219304
200,254,entropy-2-mse,0.09,0.39352743357720954,0.20576249999999163,0.2572598332719681
200,255,entropy-2-mse,0.065,0.7933622419382523,0.08926874999998802,0.6428459604118432
200,256,entropy-2-mse,0.055,0.9238374197330625,0.030562499999987836,0.976253754166246
200,257,entropy-2-mse,0.06,0.8655265369450457,0.06197499999998968,0.8049984303215971
200,258,entropy-2-mse,0.07,0.7125821300149116,0.07651249999999266,0.7154143959065884
200,259,entropy-2-mse,0.12,0.11228360286766195,0.2797062499999896,0.1546495111762516
200,260,entropy-2-mse,0.08,0.5452713464323318,0.17676249999999527,0.31836804199468594
200,261,entropy-2-mse,0.09,0.39352743357720954,0.1819687499999958,0.3062096686469875
200,262,entropy-2-mse,0.105,0.220541217580421,0.3208124999999882,0.11840119503141378
200,263,entropy-2-mse,0.1,0.2704743832803917,0.1436999999999955,0.4108027896230185
200,264,entropy-2-mse,0.075,0.6284308022715471,0.08071249999998997,0.6907734352826775
200,265,entropy-2-mse,0.055,0.9238374197330625,0.058768749999998704,0.8252185769133893
200,266,entropy-2-mse,0.09,0.39352743357720954,0.1751062499999989,0.3223574002516144
200,267,entropy-2-mse,0.07,0.7125821300149116,0.1140374999999949,0.5224276252459383
200,268,entropy-2-mse,0.1,0.2704743832803917,0.2885249999999928,0.14592194542445225
200,269,entropy-2-mse,0.1,0.2704743832803917,0.23945624999998927,0.2029213739474346
200,270,entropy-2-mse,0.055,0.9238374197330625,0.04415000000000191,0.9138900329031273
200,271,entropy-2-mse,0.08,0.5452713464323318,0.10988125000000082,0.5407628128747695
200,272,entropy-2-mse,0.05,0.9646522162314058,0.02518750000000125,0.990410513006529
200,273,entropy-2-mse,0.055,0.9238374197330625,0.0503187499999882,0.87776654663742
200,274,entropy-2-mse,0.095,0.32811544409418575,0.11206249999999329,0.5310500599961951
200,275,entropy-2-mse,0.065,0.7933622419382523,0.04827499999998963,0.8900464159022203
200,276,entropy-2-mse,0.055,0.9238374197330625,0.03398124999999652,0.963719879171071
200,277,entropy-2-mse,0.07,0.7125821300149116,0.09026874999999279,0.6374541144791723
200,278,entropy-2-mse,0.125,0.0878382826713132,0.32036250000000166,0.11874223865696754
200,279,entropy-2-mse,0.1,0.2704743832803917,0.16190625000000125,0.35640716289231333
200,280,entropy-2-mse,0.045,0.9877895282790693,0.031062499999990223,0.9745834358109337
200,281,entropy-2-mse,0.1,0.2704743832803917,0.14371249999999236,0.4107621345920941
200,282,entropy-2-mse,0.11,0.17793352788293415,0.36849374999999895,0.08773249932979121
200,283,entropy-2-mse,0.07,0.7125821300149116,0.12145624999999427,0.4914555197746773
200,284,entropy-2-mse,0.095,0.32811544409418575,0.260056249999991,0.17633099834705512
200,285,entropy-2-mse,0.07,0.7125821300149116,0.07739999999999725,0.7101505255994047
200,286,entropy-2-mse,0.145,0.0297148244707607,0.36901874999999507,0.0874477468169963
200,287,entropy-2-mse,0.06,0.8655265369450457,0.064743749999991,0.7875823487447718
200,288,entropy-2-mse,0.09,0.39352743357720954,0.1720312499999892,0.32992521713295553
200,289,entropy-2-mse,0.105,0.220541217580421,0.21683124999999848,0.23770076914720017
200,290,entropy-2-mse,0.075,0.6284308022715471,0.12861249999998847,0.46360173480681355
200,291,entropy-2-mse,0.12,0.11228360286766195,0.43884999999998797,0.057190810748473764
200,292,entropy-2-mse,0.08,0.5452713464323318,0.09404999999999575,0.617472474061572
200,293,entropy-2-mse,0.08,0.5452713464323318,0.1387874999999923,0.42716214669772123
200,294,entropy-2-mse,0.12,0.11228360286766195,0.25020624999999086,0.1885054249076612
200,295,entropy-2-mse,0.055,0.9238374197330625,0.07646874999998943,0.7156746440409134
200,296,entropy-2-mse,0.115,0.1420746514551761,0.3220749999999981,0.11745020155480634
200,297,entropy-2-mse,0.06,0.8655265369450457,0.09874999999999545,0.5935348369757525
200,298,entropy-2-mse,0.055,0.9238374197330625,0.06130625000000123,0.8092147132279588
200,299,entropy-2-mse,0.06,0.8655265369450457,0.0768687499999885,0.7132978825952292
200,300,entropy-2-mse,0.07,0.7125821300149116,0.1227562499999948,0.48625184501175134
200,301,entropy-2-mse,0.075,0.6284308022715471,0.10620624999999961,0.5575859648197532
200,302,entropy-2-mse,0.035,0.9997218397355462,0.017806249999992474,0.9989108364731356
200,303,entropy-2-mse,0.115,0.1420746514551761,0.2828374999999994,0.1514843237440644
200,304,entropy-2-mse,0.09,0.39352743357720954,0.17008124999999552,0.33483553824194867
200,305,entropy-2-mse,0.075,0.6284308022715471,0.10840625000000159,0.5474452058600363
200,306,entropy-2-mse,0.06,0.8655265369450457,0.06821874999999977,0.7658905261878596
200,307,entropy-2-mse,0.085,0.46628639073563594,0.15297499999999786,0.3819263615380031
200,308,entropy-2-mse,0.055,0.9238374197330625,0.055481249999999704,0.8458804840682835
200,309,entropy-2-mse,0.085,0.46628639073563594,0.2234874999999903,0.22678686200079579
200,310,entropy-2-mse,0.115,0.1420746514551761,0.3299999999999983,0.11167156118333477
200,311,entropy-2-mse,0.075,0.6284308022715471,0.0907937499999889,0.6346413332099698
200,312,entropy-2-mse,0.085,0.46628639073563594,0.14979375000000061,0.3915460390210185
200,313,entropy-2-mse,0.09,0.39352743357720954,0.14869374999999252,0.39494021268115176
200,314,entropy-2-mse,0.055,0.9238374197330625,0.06146249999999043,0.8082294107676182
200,315,entropy-2-mse,0.12,0.11228360286766195,0.25661875000000123,0.18047334807483406
200,316,entropy-2-mse,0.08,0.5452713464323318,0.0974250000000012,0.6001824391214912
200,317,entropy-2-mse,0.11,0.17793352788293415,0.33851874999999154,0.10580996377104301
200,318,entropy-2-mse,0.1,0.2704743832803917,0.2086187499999994,0.25203531051267136
200,319,entropy-2-mse,0.09,0.39352743357720954,0.24856249999999136,0.19063058464280103
200,320,entropy-2-mse,0.08,0.5452713464323318,0.09081874999999684,0.6345076998679469
200,321,entropy-2-mse,0.105,0.220541217580421,0.18012499999998965,0.3104504096328071
200,322,entropy-2-mse,0.06,0.8655265369450457,0.06999374999999475,0.7549142858795557
200,323,entropy-2-mse,0.07,0.7125821300149116,0.06461874999999395,0.7883666509808174
200,324,entropy-2-mse,0.06,0.8655265369450457,0.07308749999999975,0.7359947699510763
200,325,entropy-2-mse,0.07,0.7125821300149116,0.10514374999999632,0.5625587218642274
200,326,entropy-2-mse,0.11,0.17793352788293415,0.15306874999998854,0.3816472325189324
200,327,entropy-2-mse,0.14,0.03956202584899502,0.3707437499999884,0.08651922194515327
200,328,entropy-2-mse,0.075,0.6284308022715471,0.08006249999999682,0.6945412543976794
200,329,entropy-2-mse,0.075,0.6284308022715471,0.15379999999998972,0.37947846651425454
200,330,entropy-2-mse,0.035,0.9997218397355462,0.01659374999999841,0.9993718146904685
200,331,entropy-2-mse,0.065,0.7933622419382523,0.049737499999991996,0.8812842953081921
200,332,entropy-2-mse,0.075,0.6284308022715471,0.1078687499999944,0.5499034877278746
200,333,entropy-2-mse,0.09,0.39352743357720954,0.09899374999999111,0.592320521249265
200,334,entropy-2-mse,0.12,0.11228360286766195,0.30514374999999916,0.13095001035792353
200,335,entropy-2-mse,0.1,0.2704743832803917,0.19538749999999538,0.27735605446483436
200,336,entropy-2-mse,0.065,0.7933622419382523,0.07933749999999407,0.6987639514680505
200,337,entropy-2-mse,0.09,0.39352743357720954,0.15294999999998993,0.38200083760625525
200,338,entropy-2-mse,0.16,0.011843449760085422,1.2232437499999946,0.000740994732669531
200,339,entropy-2-mse,0.1,0.2704743832803917,0.2673437499999949,0.1679064995675773
200,340,entropy-2-mse,0.07,0.7125821300149116,0.08033125000000041,0.6929813239969689
200,341,entropy-2-mse,0.135,0.052139087188847716,0.4830749999999995,0.043992409751078654
200,342,entropy-2-mse,0.07,0.7125821300149116,0.1613562499999972,0.35791790088300024
200,343,entropy-2-mse,0.08,0.5452713464323318,0.19062499999999716,0.28720699740953226
200,344,entropy-2-mse,0.135,0.052139087188847716,0.3868562499999939,0.07834743443103942
200,345,entropy-2-mse,0.095,0.32811544409418575,0.12588749999999038,0.4739822514422115
200,346,entropy-2-mse,0.065,0.7933622419382523,0.05763125000000002,0.8323835808266216
200,347,entropy-2-mse,0.055,0.9238374197330625,0.04424999999999102,0.913330254679247
200,348,entropy-2-mse,0.12,0.11228360286766195,0.29029374999998936,0.1442396881421979
200,349,entropy-2-mse,0.11,0.17793352788293415,0.35377499999999884,0.09614422059823757
200,350,entropy-2-mse,0.07,0.7125821300149116,0.09077499999999361,0.6347415766383656
200,351,entropy-2-mse,0.065,0.7933622419382523,0.06703749999999786,0.773237148340766
200,352,entropy-2-mse,0.1,0.2704743832803917,0.2833437500000002,0.1509795501668395
200,353,entropy-2-mse,0.07,0.7125821300149116,0.07719374999999218,0.7113711748103104
200,354,entropy-2-mse,0.1,0.2704743832803917,0.333737499999998,0.1090566237371492
200,355,entropy-2-mse,0.045,0.9877895282790693,0.04491249999999525,0.9095963521603558
200,356,entropy-2-mse,0.04,0.9973277498238406,0.020843749999997385,0.9967664959467845
200,357,entropy-2-mse,0.155,0.016258459276759563,0.9268000000000001,0.0036463892046111335
200,358,entropy-2-mse,0.05,0.9646522162314058,0.024149999999991678,0.9923273954055672
200,359,entropy-2-mse,0.055,0.9238374197330625,0.04199374999998895,0.925694039437545
200,360,entropy-2-mse,0.04,0.9973277498238406,0.03743124999999736,0.9486537259368528
200,361,entropy-2-mse,0.11,0.17793352788293415,0.2598874999999907,0.1765317695211004
200,362,entropy-2-mse,0.085,0.46628639073563594,0.13454999999999018,0.4419057813893216
200,363,entropy-2-mse,0.095,0.32811544409418575,0.17823124999999607,0.31488001726985315
200,364,entropy-2-mse,0.065,0.7933622419382523,0.10291249999998797,0.5731626225336753
200,365,entropy-2-mse,0.06,0.8655265369450457,0.07468124999999759,0.7263671427301442
200,366,entropy-2-mse,0.055,0.9238374197330625,0.039037499999992065,0.94092370696805
200,367,entropy-2-mse,0.09,0.39352743357720954,0.1515312499999908,0.3862562612062238
200,368,entropy-2-mse,0.055,0.9238374197330625,0.06484374999999432,0.7869550739131024
200,369,entropy-2-mse,0.08,0.5452713464323318,0.07164374999999268,0.7447879287024409
200,370,entropy-2-mse,0.055,0.9238374197330625,0.04298749999999529,0.9203194272755656
200,371,entropy-2-mse,0.07,0.7125821300149116,0.07408124999999188,0.7299815625423515
200,372,entropy-2-mse,0.055,0.9238374197330625,0.037599999999997635,0.9478614871033693
200,373,entropy-2-mse,0.1,0.2704743832803917,0.17225624999998956,0.3293642538309187
200,374,entropy-2-mse,0.095,0.32811544409418575,0.20946250000000077,0.25051617224371536
200,375,entropy-2-mse,0.065,0.7933622419382523,0.05262499999999193,0.8636445602055677
200,376,entropy-2-mse,0.09,0.39352743357720954,0.2209374999999909,0.23089655079059868
200,377,entropy-2-mse,0.06,0.8655265369450457,0.049475000000001046,0.8828666844007287
200,378,entropy-2-mse,0.075,0.6284308022715471,0.12331249999999727,0.48404509316856714
200,379,entropy-2-mse,0.095,0.32811544409418575,0.25264374999999006,0.1854044488675498
200,380,entropy-2-mse,0.085,0.46628639073563594,0.10506875000000093,0.5629116032600264
200,381,entropy-2-mse,0.115,0.1420746514551761,0.310643749999997,0.12638273409815592
200,382,entropy-2-mse,0.055,0.9238374197330625,0.05416874999998811,0.8540732989697126
200,383,entropy-2-mse,0.035,0.9997218397355462,0.026856249999994475,0.98677395386152
200,384,entropy-2-mse,0.07,0.7125821300149116,0.11311874999999816,0.5264185307430518
200,385,entropy-2-mse,0.14,0.03956202584899502,0.5906374999999997,0.02359334498196919
200,386,entropy-2-mse,0.075,0.6284308022715471,0.11688749999999004,0.5102680983229771
200,387,entropy-2-mse,0.09,0.39352743357720954,0.1874812499999905,0.29393988790187986
200,388,entropy-2-mse,0.14,0.03956202584899502,0.7179687499999972,0.011504930234529587
200,389,entropy-2-mse,0.085,0.46628639073563594,0.09519374999999286,0.6115554831682605
200,390,entropy-2-mse,0.08,0.5452713464323318,0.1903999999999968,0.28768268245780027
200,391,entropy-2-mse,0.065,0.7933622419382523,0.09054999999999325,0.6359457290783501
200,392,entropy-2-mse,0.105,0.220541217580421,0.1858562500000005,0.29749437431118764
200,393,entropy-2-mse,0.11,0.17793352788293415,0.21241249999999923,0.24528962885573946
200,394,entropy-2-mse,0.095,0.32811544409418575,0.1638687499999918,0.3510790341428043
200,395,entropy-2-mse,0.095,0.32811544409418575,0.2971874999999926,0.13788955902857336
200,396,entropy-2-mse,0.075,0.6284308022715471,0.11926249999999072,0.5003856496888868
200,397,entropy-2-mse,0.085,0.46628639073563594,0.09689999999999088,0.6028382518825088
200,398,entropy-2-mse,0.085,0.46628639073563594,0.1521687500000013,0.3843370833529962
200,399,entropy-2-mse,0.085,0.46628639073563594,0.13042499999998824,0.4568467125789951
200,400,entropy-2-mse,0.1,0.2704743832803917,0.2227562499999891,0.22795648633893717
200,401,entropy-2-mse,0.08,0.5452713464323318,0.14502499999998975,0.4065202077452922
200,402,entropy-2-mse,0.075,0.6284308022715471,0.1015249999999952,0.5798675576090899
200,403,entropy-2-mse,0.055,0.9238374197330625,0.03491249999999013,0.9598762233088202
200,404,entropy-2-mse,0.13,0.06801920461119272,0.2764562499999954,0.15801480263617573
200,405,entropy-2-mse,0.08,0.5452713464323318,0.10636249999998881,0.556858826196124
200,406,entropy-2-mse,0.06,0.8655265369450457,0.04964375000000132,0.8818498949801974
200,407,entropy-2-mse,0.105,0.220541217580421,0.25772499999999354,0.17912811736659562
200,408,entropy-2-mse,0.08,0.5452713464323318,0.17260625000000118,0.32849393103170255
200,409,entropy-2-mse,0.05,0.9646522162314058,0.033699999999996066,0.9648461775440476
200,410,entropy-2-mse,0.09,0.39352743357720954,0.14611250000000098,0.40304542265849197
200,411,entropy-2-mse,0.08,0.5452713464323318,0.09053124999999795,0.6360461776950435
200,412,entropy-2-mse,0.09,0.39352743357720954,0.15556249999998784,0.3743121028944959
200,413,entropy-2-mse,0.115,0.1420746514551761,0.26917499999998995,0.16586294036524096
200,414,entropy-2-mse,0.115,0.1420746514551761,0.2702062500000011,0.1647247036409215
200,415,entropy-2-mse,0.045,0.9877895282790693,0.03789999999999338,0.9464412704929469
200,416,entropy-2-mse,0.09,0.39352743357720954,0.0867312499999997,0.6567276530499069
200,417,entropy-2-mse,0.08,0.5452713464323318,0.10824374999999975,0.5481870973825858
200,418,entropy-2-mse,0.07,0.7125821300149116,0.05812499999998977,0.8292749046144062
200,419,entropy-2-mse,0.06,0.8655265369450457,0.06066874999999072,0.8132355472718039
200,420,entropy-2-mse,0.08,0.5452713464323318,0.12019999999999698,0.49654629600085676
200,421,entropy-2-mse,0.095,0.32811544409418575,0.13708124999999427,0.43302670012530364
200,422,entropy-2-mse,0.065,0.7933622419382523,0.04621249999999577,0.9021491135074929
200,423,entropy-2-mse,0.065,0.7933622419382523,0.09556249999999977,0.6096604110407615
200,424,entropy-2-mse,0.06,0.8655265369450457,0.03956249999998818,0.9383093278946537
200,425,entropy-2-mse,0.045,0.9877895282790693,0.02909999999999968,0.9808022148842649
200,426,entropy-2-mse,0.06,0.8655265369450457,0.08776874999999507,0.651017387228618
200,427,entropy-2-mse,0.15,0.0220923622208589,0.6505812500000019,0.016789149659746094
200,428,entropy-2-mse,0.115,0.1420746514551761,0.3222437499999984,0.1173237356998057
200,429,entropy-2-mse,0.06,0.8655265369450457,0.0699249999999978,0.755337890800283
200,430,entropy-2-mse,0.07,0.7125821300149116,0.06556249999999864,0.7824511639755881
200,431,entropy-2-mse,0.08,0.5452713464323318,0.19008749999998997,0.2883449250590773
200,432,entropy-2-mse,0.09,0.39352743357720954,0.13389999999999702,0.4442209181711201
200,433,entropy-2-mse,0.075,0.6284308022715471,0.08013124999999377,0.6941419240307398
200,434,entropy-2-mse,0.075,0.6284308022715471,0.10609999999999786,0.5580810256953033
200,435,entropy-2-mse,0.08,0.5452713464323318,0.15208124999999484,0.3845998166322748
200,436,entropy-2-mse,0.09,0.39352743357720954,0.14644374999998888,0.40199413549255414
200,437,entropy-2-mse,0.05,0.9646522162314058,0.02847500000000025,0.982589520338088
200,438,entropy-2-mse,0.07,0.7125821300149116,0.07840625000000045,0.7042185943886834
200,439,entropy-2-mse,0.11,0.17793352788293415,0.22461874999999054,0.22499135167181417
200,440,entropy-2-mse,0.075,0.6284308022715471,0.10038124999999809,0.5854589888955471
200,441,entropy-2-mse,0.095,0.32811544409418575,0.1789749999999941,0.31313131340890354
200,442,entropy-2-mse,0.1,0.2704743832803917,0.172068749999994,0.3298316431973429
200,443,entropy-2-mse,0.09,0.39352743357720954,0.21746249999999634,0.2366394934253715
200,444,entropy-2-mse,0.095,0.32811544409418575,0.15003749999999627,0.3907986950047623
200,445,entropy-2-mse,0.095,0.32811544409418575,0.2259812499999896,0.22285099022894406
200,446,entropy-2-mse,0.05,0.9646522162314058,0.049518749999990064,0.8826032330281247
200,447,entropy-2-mse,0.1,0.2704743832803917,0.20983124999999347,0.24985567123958774
200,448,entropy-2-mse,0.13,0.06801920461119272,0.6114749999999987,0.020951554828312235
200,449,entropy-2-mse,0.045,0.9877895282790693,0.02755624999998929,0.9850436613590613
200,450,entropy-2-mse,0.125,0.0878382826713132,0.25669999999999504,0.18037414939091356
200,451,entropy-2-mse,0.105,0.220541217580421,0.1951562499999966,0.27782493777907025
200,452,entropy-2-mse,0.1,0.2704743832803917,0.1253312499999879,0.4761349263141943
200,453,entropy-2-mse,0.08,0.5452713464323318,0.1435062500000015,0.41143356294296096
200,454,entropy-2-mse,0.075,0.6284308022715471,0.12037499999999568,0.4958334405517839
200,455,entropy-2-mse,0.055,0.9238374197330625,0.045968750000000114,0.9035569696476602
200,456,entropy-2-mse,0.055,0.9238374197330625,0.05208125000000052,0.866995308833609
200,457,entropy-2-mse,0.11,0.17793352788293415,0.3754874999999913,0.08402084180133751
200,458,entropy-2-mse,0.055,0.9238374197330625,0.06564374999999245,0.7819425645230735
200,459,entropy-2-mse,0.085,0.46628639073563594,0.10149374999998884,0.580019554301433
200,460,entropy-2-mse,0.08,0.5452713464323318,0.08641249999999445,0.6584915366758346
200,461,entropy-2-mse,0.075,0.6284308022715471,0.13809999999999434,0.4295136135113482
200,462,entropy-2-mse,0.11,0.17793352788293415,0.36220624999999984,0.09122275125604073
200,463,entropy-2-mse,0.06,0.8655265369450457,0.06008749999999452,0.8169021161698382
200,464,entropy-2-mse,0.065,0.7933622419382523,0.08727499999999111,0.6537289960992311
200,465,entropy-2-mse,0.085,0.46628639073563594,0.16903124999998909,0.33751610959069045
200,466,entropy-2-mse,0.09,0.39352743357720954,0.2011749999999921,0.2659236970806419
200,467,entropy-2-mse,0.075,0.6284308022715471,0.1206312499999882,0.49479177831706744
200,468,entropy-2-mse,0.085,0.46628639073563594,0.16672499999999957,0.34349536807680414
200,469,entropy-2-mse,0.065,0.7933622419382523,0.06411249999999313,0.7915453335671955
200,470,entropy-2-mse,0.12,0.11228360286766195,0.29108749999998906,0.14349191333156763
200,471,entropy-2-mse,0.085,0.46628639073563594,0.13713749999999436,0.43283182884666294
200,472,entropy-2-mse,0.055,0.9238374197330625,0.07138750000000016,0.7463553662046143
200,473,entropy-2-mse,0.04,0.9973277498238406,0.03073124999998811,0.9756964916200048
200,474,entropy-2-mse,0.08,0.5452713464323318,0.18903749999999775,0.2905834992231505
200,475,entropy-2-mse,0.125,0.0878382826713132,0.2818874999999963,0.1524367502087044
200,476,entropy-2-mse,0.105,0.220541217580421,0.11294999999999789,0.5271553588499499
200,477,entropy-2-mse,0.155,0.016258459276759563,0.7213749999999948,0.011288469006756063
200,478,entropy-2-mse,0.08,0.5452713464323318,0.15860624999999118,0.3655887769148346
200,479,entropy-2-mse,0.07,0.7125821300149116,0.08384374999999977,0.6728680470501789
200,480,entropy-2-mse,0.06,0.8655265369450457,0.08888749999999845,0.6449133703290224
200,481,entropy-2-mse,0.065,0.7933622419382523,0.09776250000000175,0.5984816860498489
200,482,entropy-2-mse,0.16,0.011843449760085422,0.5265500000000003,0.034121520187424204
200,483,entropy-2-mse,0.065,0.7933622419382523,0.0826124999999962,0.6798595720156857
200,484,entropy-2-mse,0.095,0.32811544409418575,0.24416250000000161,0.19645767624136146
200,485,entropy-2-mse,0.055,0.9238374197330625,0.05047499999999161,0.8768177883162569
200,486,entropy-2-mse,0.05,0.9646522162314058,0.07506250000000136,0.7240769840774346
200,487,entropy-2-mse,0.055,0.9238374197330625,0.044649999999990087,0.9110810176723554
200,488,entropy-2-mse,0.09,0.39352743357720954,0.14397499999999752,0.40990949769313634
200,489,entropy-2-mse,0.08,0.5452713464323318,0.11538749999999709,0.5166265402290748
200,490,entropy-2-mse,0.155,0.016258459276759563,0.46947499999998854,0.04766734281318896
200,491,entropy-2-mse,0.055,0.9238374197330625,0.07643749999999727,0.7158605789662841
200,492,entropy-2-mse,0.07,0.7125821300149116,0.08435624999999902,0.6699769391589405
200,493,entropy-2-mse,0.125,0.0878382826713132,0.36462499999998954,0.0898624028434567
200,494,entropy-2-mse,0.095,0.32811544409418575,0.18863749999999868,0.291441772287785
200,495,entropy-2-mse,0.075,0.6284308022715471,0.12634374999998954,0.4722251696546199
200,496,entropy-2-mse,0.065,0.7933622419382523,0.07328749999999218,0.734781928153935
200,497,entropy-2-mse,0.08,0.5452713464323318,0.16171874999999147,0.35692131946360606
200,498,entropy-2-mse,0.085,0.46628639073563594,0.16064999999998975,0.35986919716880317
200,499,entropy-2-mse,0.075,0.6284308022715471,0.14293124999998952,0.4133124163883479
1000,0,entropy-2-mse,0.039,0.43260886958153144,0.167807249999953,0.3398130121232962
1000,1,entropy-2-mse,0.036,0.5362766985932181,0.1188944999999535,0.500330017095794
1000,2,entropy-2-mse,0.036,0.5362766985932181,0.0796642499999507,0.6944089191142502
1000,3,entropy-2-mse,0.048,0.19957365535779528,0.2617505000000051,0.1740511588493272
1000,4,entropy-2-mse,0.045,0.26347172719864703,0.24866274999999405,0.1901743348171916
1000,5,entropy-2-mse,0.049,0.18116454248303263,0.14875674999996136,0.3936572170425481
1000,6,entropy-2-mse,0.029,0.7946637387576738,0.049211999999954514,0.8817296058521196
1000,7,entropy-2-mse,0.054,0.1082872208757189,0.41699024999996936,0.06519049508957475
1000,8,entropy-2-mse,0.036,0.5362766985932181,0.07335774999995692,0.7317699347608603
1000,9,entropy-2-mse,0.033,0.647814872077161,0.12552374999995664,0.4739394173928232
1000,10,entropy-2-mse,0.051,0.14836452078962484,0.19986049999999977,0.2678864127539555
1000,11,entropy-2-mse,0.051,0.14836452078962484,0.33017849999998816,0.11142568963219845
1000,12,entropy-2-mse,0.026,0.8881734182535203,0.06384399999996049,0.7904871993187539
1000,13,entropy-2-mse,0.03,0.7593695685682871,0.09320224999999027,0.6197663138284006
1000,14,entropy-2-mse,0.045,0.26347172719864703,0.2581802499999526,0.17828708403245752
1000,15,entropy-2-mse,0.028,0.8282194040312439,0.05721074999996745,0.8322379440539679
1000,16,entropy-2-mse,0.04,0.4006338815832625,0.18308574999997518,0.302959783439388
1000,17,entropy-2-mse,0.033,0.647814872077161,0.07929450000000315,0.6965573521886694
1000,18,entropy-2-mse,0.033,0.647814872077161,0.08269574999997076,0.6770056390162964
1000,19,entropy-2-mse,0.025,0.9136894237272155,0.07265749999999116,0.736006386228798
1000,20,entropy-2-mse,0.032,0.6854967337920594,0.09083574999999655,0.6322307513835004
1000,21,entropy-2-mse,0.037,0.5005673707894058,0.10794549999997116,0.5477564334552638
1000,22,entropy-2-mse,0.029,0.7946637387576738,0.07847799999996141,0.7013209640287648
1000,23,entropy-2-mse,0.045,0.26347172719864703,0.20699899999999616,0.2544466464986981
1000,24,entropy-2-mse,0.04,0.4006338815832625,0.1323002499999575,0.4486479262159183
1000,25,entropy-2-mse,0.032,0.6854967337920594,0.04581099999995786,0.9018387314967682
1000,26,entropy-2-mse,0.066,0.025633868930359294,0.5751814999999851,0.025786627377152427
1000,27,entropy-2-mse,0.053,0.12051526066065596,0.3531064999999671,0.09645887326327118
1000,28,entropy-2-mse,0.064,0.033253124816560224,0.5071394999999939,0.03820643740072294
1000,29,entropy-2-mse,0.03,0.7593695685682871,0.06375474999998687,0.7910471841350837
1000,30,entropy-2-mse,0.032,0.6854967337920594,0.06714174999996203,0.7698879624266888
1000,31,entropy-2-mse,0.03,0.7593695685682871,0.07379849999995258,0.7291118478965867
1000,32,entropy-2-mse,0.026,0.8881734182535203,0.04660074999998187,0.8972444508938535
1000,33,entropy-2-mse,0.023,0.9542189106778983,0.018515999999976884,0.9982570346036125
1000,34,entropy-2-mse,0.045,0.26347172719864703,0.36760999999995647,0.08814251539203055
1000,35,entropy-2-mse,0.035,0.5728904395829821,0.10198224999999184,0.5757218838751834
1000,36,entropy-2-mse,0.046,0.24068202486600215,0.14624225000000024,0.40151130666658386
1000,37,entropy-2-mse,0.045,0.26347172719864703,0.301676499999985,0.13375315655847375
1000,38,entropy-2-mse,0.027,0.8595454206943325,0.059373999999991156,0.8186180990805179
1000,39,entropy-2-mse,0.04,0.4006338815832625,0.17697999999995773,0.31707898335116336
1000,40,entropy-2-mse,0.03,0.7593695685682871,0.07188674999997602,0.7406877926465203
1000,41,entropy-2-mse,0.042,0.34112475112661245,0.08427574999996068,0.6680882748048749
1000,42,entropy-2-mse,0.057,0.07761108123267829,0.231632999999988,0.21382531058183274
1000,43,entropy-2-mse,0.031,0.7228251828701066,0.07775524999999561,0.705559531094351
1000,44,entropy-2-mse,0.056,0.08689937254547132,0.3029919999999606,0.13261848721242497
1000,45,entropy-2-mse,0.054,0.1082872208757189,0.3977537499999926,0.07325297597311164
1000,46,entropy-2-mse,0.036,0.5362766985932181,0.1422900000000027,0.41424186994725753
1000,47,entropy-2-mse,0.047,0.21939649929677082,0.19144549999998617,0.28483438322382315
1000,48,entropy-2-mse,0.029,0.7946637387576738,0.060168499999974756,0.8136114236311952
1000,49,entropy-2-mse,0.028,0.8282194040312439,0.08901749999995445,0.6419783082493145
1000,50,entropy-2-mse,0.044,0.28779764348473313,0.1975682499999607,0.2723806078269775
1000,51,entropy-2-mse,0.023,0.9542189106778983,0.04069299999997611,0.9301448816704133
1000,52,entropy-2-mse,0.028,0.8282194040312439,0.111424999999997,0.5321462727781512
1000,53,entropy-2-mse,0.047,0.21939649929677082,0.2695734999999786,0.16516839956430218
1000,54,entropy-2-mse,0.027,0.8595454206943325,0.06830374999998412,0.7626823690563761
1000,55,entropy-2-mse,0.024,0.9357699014782725,0.061250250000000506,0.8067961200575645
1000,56,entropy-2-mse,0.03,0.7593695685682871,0.08029799999997067,0.6907393634640816
1000,57,entropy-2-mse,0.04,0.4006338815832625,0.1147724999999582,0.5176067048345026
1000,58,entropy-2-mse,0.024,0.9357699014782725,0.031074999999987085,0.9729173117867677
1000,59,entropy-2-mse,0.034,0.6101664688189142,0.09899424999997564,0.590323340019469
1000,60,entropy-2-mse,0.04,0.4006338815832625,0.10022049999997762,0.5842829298986245
1000,61,entropy-2-mse,0.052,0.13385273551786803,0.2908264999999801,0.14354134268845664
1000,62,entropy-2-mse,0.045,0.26347172719864703,0.24367024999997966,0.19677654075971518
1000,63,entropy-2-mse,0.046,0.24068202486600215,0.3110822499999699,0.1258739376069783
1000,64,entropy-2-mse,0.032,0.6854967337920594,0.07057974999997896,0.7486684784891902
1000,65,entropy-2-mse,0.038,0.4659595288557257,0.13929749999999785,0.42420529192122747
1000,66,entropy-2-mse,0.032,0.6854967337920594,0.14978224999998702,0.3905073688104127
1000,67,entropy-2-mse,0.028,0.8282194040312439,0.04512725000000728,0.9057740442615989
1000,68,entropy-2-mse,0.054,0.1082872208757189,0.2792024999999967,0.154939949345402
1000,69,entropy-2-mse,0.037,0.5005673707894058,0.10076749999996082,0.5816100772026414
1000,70,entropy-2-mse,0.039,0.43260886958153144,0.2368045000000052,0.20629728997811925
1000,71,entropy-2-mse,0.031,0.7228251828701066,0.10149274999997715,0.5780867375723215
1000,72,entropy-2-mse,0.039,0.43260886958153144,0.11162974999996322,0.53124360879093
1000,73,entropy-2-mse,0.047,0.21939649929677082,0.18767774999997755,0.2928375427596458
1000,74,entropy-2-mse,0.034,0.6101664688189142,0.11281999999999925,0.5260308720242073
1000,75,entropy-2-mse,0.041,0.37012017606173,0.13482475000000704,0.4396395372713565
1000,76,entropy-2-mse,0.041,0.37012017606173,0.22875299999998333,0.21815718707998677
1000,77,entropy-2-mse,0.04,0.4006338815832625,0.16158550000000105,0.3563584425708556
1000,78,entropy-2-mse,0.044,0.28779764348473313,0.1893649999999525,0.28922069596458055
1000,79,entropy-2-mse,0.027,0.8595454206943325,0.06605149999995774,0.7766758716361635
1000,80,entropy-2-mse,0.038,0.4659595288557257,0.1844979999999623,0.2998025684598479
1000,81,entropy-2-mse,0.025,0.9136894237272155,0.056701750000001994,0.835436665475151
1000,82,entropy-2-mse,0.03,0.7593695685682871,0.08146249999998645,0.6840395111906437
1000,83,entropy-2-mse,0.036,0.5362766985932181,0.07701799999995274,0.7099039617641276
1000,84,entropy-2-mse,0.041,0.37012017606173,0.1693499999999517,0.3358550293293041
1000,85,entropy-2-mse,0.058,0.06917625399020766,0.2530165000000011,0.1846261368786004
1000,86,entropy-2-mse,0.046,0.24068202486600215,0.19531849999998485,0.27687939644799364
1000,87,entropy-2-mse,0.03,0.7593695685682871,0.08303524999996625,0.6750805495912432
1000,88,entropy-2-mse,0.027,0.8595454206943325,0.0775084999999649,0.7070112439637672
1000,89,entropy-2-mse,0.043,0.3136800387320582,0.18320374999996147,0.302694457317608
1000,90,entropy-2-mse,0.044,0.28779764348473313,0.14784799999995357,0.39647413326209713
1000,91,entropy-2-mse,0.021,0.9802627322900355,0.029698249999967175,0.977525475814559
1000,92,entropy-2-mse,0.027,0.8595454206943325,0.06949774999998226,0.7553131339514118
1000,93,entropy-2-mse,0.043,0.3136800387320582,0.16790724999998474,0.3395547563437391
1000,94,entropy-2-mse,0.039,0.43260886958153144,0.20045174999995652,0.26674161057903667
1000,95,entropy-2-mse,0.043,0.3136800387320582,0.30318224999996346,0.1324552887065028
1000,96,entropy-2-mse,0.026,0.8881734182535203,0.07421174999996083,0.7266256395744664
1000,97,entropy-2-mse,0.03,0.7593695685682871,0.08760324999997238,0.6496620208312649
1000,98,entropy-2-mse,0.033,0.647814872077161,0.10762299999998959,0.5492293699229838
1000,99,entropy-2-mse,0.031,0.7228251828701066,0.08873674999995274,0.643496563771209
1000,100,entropy-2-mse,0.049,0.18116454248303263,0.3555312499999559,0.0950105296609729
1000,101,entropy-2-mse,0.02,0.9883339509983219,0.03385174999999663,0.9623463027525794
1000,102,entropy-2-mse,0.026,0.8881734182535203,0.057730249999963235,0.8289702532073051
1000,103,entropy-2-mse,0.04,0.4006338815832625,0.11735224999995353,0.5067143928286171
1000,104,entropy-2-mse,0.056,0.08689937254547132,0.34836324999997714,0.09936287945016709
1000,105,entropy-2-mse,0.026,0.8881734182535203,0.06754100000000562,0.7674086502312768
1000,106,entropy-2-mse,0.029,0.7946637387576738,0.08057974999996986,0.6891132205900452
1000,107,entropy-2-mse,0.023,0.9542189106778983,0.058177249999971536,0.8261566583413065
1000,108,entropy-2-mse,0.037,0.5005673707894058,0.14355449999999337,0.4101165604884818
1000,109,entropy-2-mse,0.045,0.26347172719864703,0.26251924999996845,0.17315432950779497
1000,110,entropy-2-mse,0.035,0.5728904395829821,0.1148644999999533,0.5172136225485704
1000,111,entropy-2-mse,0.038,0.4659595288557257,0.14810299999999188,0.3956812426983277
1000,112,entropy-2-mse,0.057,0.07761108123267829,0.2777522499999918,0.1564331161354826
1000,113,entropy-2-mse,0.05,0.16411447756429137,0.24634249999996882,0.19321011134360688
1000,114,entropy-2-mse,0.043,0.3136800387320582,0.18041149999999107,0.30904863915973935
1000,115,entropy-2-mse,0.023,0.9542189106778983,0.03837074999995593,0.9419289391715964
1000,116,entropy-2-mse,0.038,0.4659595288557257,0.11433775000000423,0.5194689092009828
1000,117,entropy-2-mse,0.024,0.9357699014782725,0.06182649999999512,0.8031677474154362
1000,118,entropy-2-mse,0.027,0.8595454206943325,0.07317449999999326,0.7328770105542199
1000,119,entropy-2-mse,0.046,0.24068202486600215,0.2724572500000022,0.16202618369008503
1000,120,entropy-2-mse,0.034,0.6101664688189142,0.12380799999999681,0.48060910857540373
1000,121,entropy-2-mse,0.027,0.8595454206943325,0.036242749999985335,0.9519960292416388
1000,122,entropy-2-mse,0.034,0.6101664688189142,0.1567792499999996,0.36980975494934976
1000,123,entropy-2-mse,0.051,0.14836452078962484,0.32601574999995364,0.11441012020277952
1000,124,entropy-2-mse,0.023,0.9542189106778983,0.029584999999997308,0.9778849398127554
1000,125,entropy-2-mse,0.059,0.06153429181321559,0.3949714999999969,0.07450561620262242
1000,126,entropy-2-mse,0.032,0.6854967337920594,0.05868699999996352,0.8229464310457862
1000,127,entropy-2-mse,0.037,0.5005673707894058,0.11043399999999792,0.5365400596026971
1000,128,entropy-2-mse,0.04,0.4006338815832625,0.20615374999999858,0.25599538446779224
1000,129,entropy-2-mse,0.05,0.16411447756429137,0.35424299999999675,0.09577702188653037
1000,130,entropy-2-mse,0.037,0.5005673707894058,0.07990924999995741,0.6929883818890932
1000,131,entropy-2-mse,0.052,0.13385273551786803,0.16575374999996484,0.3451691534628595
1000,132,entropy-2-mse,0.039,0.43260886958153144,0.1228122499999813,0.4845307367828825
1000,133,entropy-2-mse,0.038,0.4659595288557257,0.1410579999999868,0.41830930134445865
1000,134,entropy-2-mse,0.032,0.6854967337920594,0.05809049999999161,0.826702816863806
1000,135,entropy-2-mse,0.052,0.13385273551786803,0.321732499999996,0.11757418112391782
1000,136,entropy-2-mse,0.088,0.0008613642727365059,1.1650909999999612,0.001013968482718064
1000,137,entropy-2-mse,0.037,0.5005673707894058,0.12666024999998626,0.46958174177421197
1000,138,entropy-2-mse,0.032,0.6854967337920594,0.07804974999999104,0.7038299752276758
1000,139,entropy-2-mse,0.037,0.5005673707894058,0.14155849999997372,0.4166511352694324
1000,140,entropy-2-mse,0.046,0.24068202486600215,0.2969839999999522,0.13789073861731382
1000,141,entropy-2-mse,0.032,0.6854967337920594,0.0901612499999942,0.6358294478740969
1000,142,entropy-2-mse,0.033,0.647814872077161,0.14692174999998997,0.3993703723035743
1000,143,entropy-2-mse,0.031,0.7228251828701066,0.0873904999999695,0.650825585805237
1000,144,entropy-2-mse,0.032,0.6854967337920594,0.15663849999998547,0.3702128405198435
1000,145,entropy-2-mse,0.055,0.09710349657052789,0.5618479999999977,0.02783632332189767
1000,146,entropy-2-mse,0.027,0.8595454206943325,0.059109250000005886,0.8202862927954829
1000,147,entropy-2-mse,0.056,0.08689937254547132,0.5071772499999838,0.03819802434076669
1000,148,entropy-2-mse,0.034,0.6101664688189142,0.17114799999995967,0.33131222415543626
1000,149,entropy-2-mse,0.032,0.6854967337920594,0.10816424999995888,0.5467598866366712
1000,150,entropy-2-mse,0.045,0.26347172719864703,0.218298749999974,0.23477414507943728
1000,151,entropy-2-mse,0.022,0.9690010280430694,0.04927275000000009,0.881363454289363
1000,152,entropy-2-mse,0.033,0.647814872077161,0.10568974999995362,0.5581529532820727
1000,153,entropy-2-mse,0.056,0.08689937254547132,0.35414099999997006,0.09583800044678059
1000,154,entropy-2-mse,0.046,0.24068202486600215,0.14201774999997951,0.41513658687390587
1000,155,entropy-2-mse,0.031,0.7228251828701066,0.06232549999998582,0.800027662552516
1000,156,entropy-2-mse,0.032,0.6854967337920594,0.0916802499999676,0.6277538340334401
1000,157,entropy-2-mse,0.055,0.09710349657052789,0.3450049999999578,0.10147717843832882
1000,158,entropy-2-mse,0.036,0.5362766985932181,0.2156244999999899,0.2392620798555134
1000,159,entropy-2-mse,0.021,0.9802627322900355,0.037165499999957774,0.9477233175727365
1000,160,entropy-2-mse,0.055,0.09710349657052789,0.4161342499999705,0.0655281652955515
1000,161,entropy-2-mse,0.05,0.16411447756429137,0.2493369999999686,0.1893025746548479
1000,162,entropy-2-mse,0.033,0.647814872077161,0.06083024999998088,0.8094417677362056
1000,163,entropy-2-mse,0.034,0.6101664688189142,0.09358324999999468,0.6177831359600023
1000,164,entropy-2-mse,0.04,0.4006338815832625,0.07001549999995405,0.7521294725316702
1000,165,entropy-2-mse,0.032,0.6854967337920594,0.10365524999997433,0.5677192626553866
1000,166,entropy-2-mse,0.016,0.9995502785541052,0.019734249999999065,0.9973453672784941
1000,167,entropy-2-mse,0.031,0.7228251828701066,0.10229749999996329,0.5742044750557231
1000,168,entropy-2-mse,0.053,0.12051526066065596,0.23829250000000002,0.20418902422650098
1000,169,entropy-2-mse,0.042,0.34112475112661245,0.19366874999997208,0.28023495157879375
1000,170,entropy-2-mse,0.037,0.5005673707894058,0.18289774999999509,0.30338308465151054
1000,171,entropy-2-mse,0.026,0.8881734182535203,0.06858574999995426,0.7609385848550578
1000,172,entropy-2-mse,0.039,0.43260886958153144,0.18217224999995096,0.30502330840474445
1000,173,entropy-2-mse,0.046,0.24068202486600215,0.14988449999998466,0.39019497704328976
1000,174,entropy-2-mse,0.042,0.34112475112661245,0.14122524999999087,0.4177543168737109
1000,175,entropy-2-mse,0.031,0.7228251828701066,0.1574132499999905,0.3680006450975166
1000,176,entropy-2-mse,0.062,0.042792013924212634,0.317497000000003,0.1207992881893879
1000,177,entropy-2-mse,0.036,0.5362766985932181,0.1133794999999509,0.52360083663258
1000,178,entropy-2-mse,0.031,0.7228251828701066,0.10791899999998122,0.5478772972128049
1000,179,entropy-2-mse,0.029,0.7946637387576738,0.0651149999999916,0.7825251574434886
1000,180,entropy-2-mse,0.049,0.18116454248303263,0.17221799999998666,0.32864398263210814
1000,181,entropy-2-mse,0.055,0.09710349657052789,0.2634497500000066,0.17207591424016055
1000,182,entropy-2-mse,0.071,0.012912352230759101,0.7358727499999986,0.010426837459026173
1000,183,entropy-2-mse,0.043,0.3136800387320582,0.15078749999997854,0.3874492157615349
1000,184,entropy-2-mse,0.032,0.6854967337920594,0.10883799999999155,0.5437033791165582
1000,185,entropy-2-mse,0.019,0.9937026761524456,0.03456825000000663,0.9593591280834824
1000,186,entropy-2-mse,0.044,0.28779764348473313,0.20612249999999221,0.25605285806360567
1000,187,entropy-2-mse,0.04,0.4006338815832625,0.1120217499999967,0.5295203182552458
1000,188,entropy-2-mse,0.051,0.14836452078962484,0.26506200000000035,0.17022562874948166
1000,189,entropy-2-mse,0.051,0.14836452078962484,0.38981124999997974,0.07689076480658674
1000,190,entropy-2-mse,0.031,0.7228251828701066,0.09628749999995989,0.6038949626597605
1000,191,entropy-2-mse,0.042,0.34112475112661245,0.15720849999996744,0.3685837240063907
1000,192,entropy-2-mse,0.033,0.647814872077161,0.11183799999997746,0.5303273121292507
1000,193,entropy-2-mse,0.029,0.7946637387576738,0.08145349999995233,0.6840910769090278
1000,194,entropy-2-mse,0.074,0.008353146175741297,0.7704562499999952,0.008607808635279657
1000,195,entropy-2-mse,0.041,0.37012017606173,0.16830674999999928,0.33852538759642004
1000,196,entropy-2-mse,0.033,0.647814872077161,0.13274274999997715,0.4470530752185595
1000,197,entropy-2-mse,0.023,0.9542189106778983,0.041375999999957,0.9265384530701395
1000,198,entropy-2-mse,0.043,0.3136800387320582,0.3491402500000049,0.0988806440682205
1000,199,entropy-2-mse,0.034,0.6101664688189142,0.09475025000000414,0.61174938116342
1000,200,entropy-2-mse,0.047,0.21939649929677082,0.3431297500000028,0.10267937970341778
1000,201,entropy-2-mse,0.053,0.12051526066065596,0.35015275000000656,0.09825611487924701
1000,202,entropy-2-mse,0.043,0.3136800387320582,0.17949699999996938,0.31116454972512975
1000,203,entropy-2-mse,0.043,0.3136800387320582,0.2790142499999888,0.15513284833563779
1000,204,entropy-2-mse,0.038,0.4659595288557257,0.150459499999954,0.38844386127775454
1000,205,entropy-2-mse,0.027,0.8595454206943325,0.09854400000000396,0.5925581053687585
1000,206,entropy-2-mse,0.047,0.21939649929677082,0.3999494999999911,0.07228048318355684
1000,207,entropy-2-mse,0.034,0.6101664688189142,0.14464149999997744,0.4066098383383747
1000,208,entropy-2-mse,0.035,0.5728904395829821,0.13625924999996641,0.4346171765707595
1000,209,entropy-2-mse,0.055,0.09710349657052789,0.6303849999999898,0.01883385717986963
1000,210,entropy-2-mse,0.027,0.8595454206943325,0.07798349999995935,0.7042187579859092
1000,211,entropy-2-mse,0.04,0.4006338815832625,0.23750974999995833,0.2052949030121357
1000,212,entropy-2-mse,0.035,0.5728904395829821,0.1718812499999558,0.3294809237417998
1000,213,entropy-2-mse,0.049,0.18116454248303263,0.22391099999998687,0.22567499968153482
1000,214,entropy-2-mse,0.033,0.647814872077161,0.07273275000000012,0.7355503555854623
1000,215,entropy-2-mse,0.023,0.9542189106778983,0.036016499999959706,0.9530209588787885
1000,216,entropy-2-mse,0.037,0.5005673707894058,0.16362674999999172,0.35082496630465443
1000,217,entropy-2-mse,0.027,0.8595454206943325,0.06323324999999613,0.794321289985129
1000,218,entropy-2-mse,0.037,0.5005673707894058,0.08554199999997536,0.6610192808788637
1000,219,entropy-2-mse,0.026,0.8881734182535203,0.06579074999996237,0.7783028611411357
1000,220,entropy-2-mse,0.047,0.21939649929677082,0.3701367499999719,0.08677569089555814
1000,221,entropy-2-mse,0.036,0.5362766985932181,0.16975424999998268,0.33482713383132423
1000,222,entropy-2-mse,0.032,0.6854967337920594,0.050143249999962336,0.8760943116542153
1000,223,entropy-2-mse,0.039,0.43260886958153144,0.1800562500000069,0.3098685288988201
1000,224,entropy-2-mse,0.03,0.7593695685682871,0.07670749999999771,0.7117398632606922
1000,225,entropy-2-mse,0.043,0.3136800387320582,0.189839749999976,0.288212687284637
1000,226,entropy-2-mse,0.03,0.7593695685682871,0.10273174999997536,0.5721214681063898
1000,227,entropy-2-mse,0.028,0.8282194040312439,0.07111149999997224,0.7454153248382296
1000,228,entropy-2-mse,0.029,0.7946637387576738,0.056633999999974094,0.8358621773141597
1000,229,entropy-2-mse,0.03,0.7593695685682871,0.06973374999995485,0.7538610435136217
1000,230,entropy-2-mse,0.03,0.7593695685682871,0.05736949999999297,0.8312396863540508
1000,231,entropy-2-mse,0.031,0.7228251828701066,0.11605049999997163,0.5121770934100767
1000,232,entropy-2-mse,0.025,0.9136894237272155,0.05352199999998675,0.8553138873797086
1000,233,entropy-2-mse,0.046,0.24068202486600215,0.16379649999998946,0.3503694982033969
1000,234,entropy-2-mse,0.035,0.5728904395829821,0.10278549999998177,0.5718642193420264
1000,235,entropy-2-mse,0.031,0.7228251828701066,0.09033349999998563,0.6349084938543073
1000,236,entropy-2-mse,0.023,0.9542189106778983,0.06041274999995494,0.8120722989772784
1000,237,entropy-2-mse,0.036,0.5362766985932181,0.09210724999996955,0.6255023972987248
1000,238,entropy-2-mse,0.046,0.24068202486600215,0.16218724999998813,0.354716302951406
1000,239,entropy-2-mse,0.021,0.9802627322900355,0.03430699999995568,0.9604600375911405
1000,240,entropy-2-mse,0.031,0.7228251828701066,0.07093799999995554,0.7464758449720478
1000,241,entropy-2-mse,0.03,0.7593695685682871,0.08040949999997338,0.6900954438881357
1000,242,entropy-2-mse,0.055,0.09710349657052789,0.37638099999998076,0.0834961860301564
1000,243,entropy-2-mse,0.024,0.9357699014782725,0.052829499999972995,0.8596085368065582
1000,244,entropy-2-mse,0.036,0.5362766985932181,0.16041324999997641,0.35958391730001094
1000,245,entropy-2-mse,0.031,0.7228251828701066,0.10073649999998224,0.5817611992225122
1000,246,entropy-2-mse,0.027,0.8595454206943325,0.08326899999997295,0.6737579487882421
1000,247,entropy-2-mse,0.037,0.5005673707894058,0.20764324999998962,0.2532736806196967
1000,248,entropy-2-mse,0.044,0.28779764348473313,0.28446099999996477,0.14966051023798144
1000,249,entropy-2-mse,0.031,0.7228251828701066,0.07023374999999987,0.7507896911486855
1000,250,entropy-2-mse,0.029,0.7946637387576738,0.06649575000000141,0.7739069853173683
1000,251,entropy-2-mse,0.033,0.647814872077161,0.14981599999998707,0.39040422322772605
1000,252,entropy-2-mse,0.021,0.9802627322900355,0.04184749999996029,0.9240146556233726
1000,253,entropy-2-mse,0.024,0.9357699014782725,0.06173049999995328,0.8037720677308803
1000,254,entropy-2-mse,0.033,0.647814872077161,0.15315674999999374,0.3803552304233455
1000,255,entropy-2-mse,0.039,0.43260886958153144,0.12953375000000733,0.4587742830772773
1000,256,entropy-2-mse,0.035,0.5728904395829821,0.10409099999998261,0.5656551140916379
1000,257,entropy-2-mse,0.03,0.7593695685682871,0.08154124999998658,0.6835884549718814
1000,258,entropy-2-mse,0.035,0.5728904395829821,0.13069524999997384,0.4544899347810163
1000,259,entropy-2-mse,0.041,0.37012017606173,0.15575300000000425,0.3727609910097627
1000,260,entropy-2-mse,0.035,0.5728904395829821,0.0811932499999557,0.685583641325373
1000,261,entropy-2-mse,0.044,0.28779764348473313,0.3259087499999964,0.11448799641664387
1000,262,entropy-2-mse,0.04,0.4006338815832625,0.15228049999996074,0.38296045177980187
1000,263,entropy-2-mse,0.024,0.9357699014782725,0.05238974999997481,0.8623273459633146
1000,264,entropy-2-mse,0.058,0.06917625399020766,0.3255724999999643,0.11473310878393794
1000,265,entropy-2-mse,0.042,0.34112475112661245,0.19154799999995475,0.28462035244503825
1000,266,entropy-2-mse,0.029,0.7946637387576738,0.10253000000000156,0.5730881854277394
1000,267,entropy-2-mse,0.044,0.28779764348473313,0.250216499999965,0.18817240353209963
1000,268,entropy-2-mse,0.074,0.008353146175741297,0.692726749999963,0.013262595019040258
1000,269,entropy-2-mse,0.033,0.647814872077161,0.08480374999999185,0.6651321980297016
1000,270,entropy-2-mse,0.026,0.8881734182535203,0.060594249999951444,0.8109286663961472
1000,271,entropy-2-mse,0.025,0.9136894237272155,0.020828499999993255,0.9962869151238298
1000,272,entropy-2-mse,0.034,0.6101664688189142,0.09443324999995184,0.6133822989151849
1000,273,entropy-2-mse,0.032,0.6854967337920594,0.17124274999997624,0.331074894776792
1000,274,entropy-2-mse,0.037,0.5005673707894058,0.09246049999995876,0.6236460221022344
1000,275,entropy-2-mse,0.04,0.4006338815832625,0.12983900000000403,0.45764368378349995
1000,276,entropy-2-mse,0.038,0.4659595288557257,0.1633239999999887,0.35163907407237527
1000,277,entropy-2-mse,0.057,0.07761108123267829,0.21047475000000304,0.2481940607541404
1000,278,entropy-2-mse,0.04,0.4006338815832625,0.19869124999996757,0.27016768572589256
1000,279,entropy-2-mse,0.04,0.4006338815832625,0.21472199999999475,0.24079952636439927
1000,280,entropy-2-mse,0.028,0.8282194040312439,0.0893949999999677,0.6399423846743257
1000,281,entropy-2-mse,0.031,0.7228251828701066,0.08139549999998508,0.6844234701293764
1000,282,entropy-2-mse,0.022,0.9690010280430694,0.028867499999989832,0.9800917268043104
1000,283,entropy-2-mse,0.026,0.8881734182535203,0.05360600000000204,0.8547919286551968
1000,284,entropy-2-mse,0.027,0.8595454206943325,0.057059499999979835,0.8331887781395344
1000,285,entropy-2-mse,0.038,0.4659595288557257,0.1039494999999988,0.5663244867241704
1000,286,entropy-2-mse,0.025,0.9136894237272155,0.04183024999997542,0.9241074667221858
1000,287,entropy-2-mse,0.027,0.8595454206943325,0.08048074999999244,0.689684236826294
1000,288,entropy-2-mse,0.033,0.647814872077161,0.0542207499999563,0.8509658529986244
1000,289,entropy-2-mse,0.027,0.8595454206943325,0.06388974999998709,0.7902001898076261
1000,290,entropy-2-mse,0.063,0.03776014017220749,0.5785474999999565,0.02529448623323427
1000,291,entropy-2-mse,0.063,0.03776014017220749,0.49136124999995445,0.04189974866888335
1000,292,entropy-2-mse,0.036,0.5362766985932181,0.13210449999996854,0.4493556130081653
1000,293,entropy-2-mse,0.04,0.4006338815832625,0.10950874999997495,0.5406796975371975
1000,294,entropy-2-mse,0.044,0.28779764348473313,0.17187799999999243,0.329489013651979
1000,295,entropy-2-mse,0.028,0.8282194040312439,0.08067299999999022,0.6885757371114399
1000,296,entropy-2-mse,0.049,0.18116454248303263,0.17028374999995322,0.3334865038973349
1000,297,entropy-2-mse,0.041,0.37012017606173,0.19025149999998803,0.2873418542375763
1000,298,entropy-2-mse,0.031,0.7228251828701066,0.06705875000000106,0.7704038342666262
1000,299,entropy-2-mse,0.047,0.21939649929677082,0.28518974999997226,0.14894514756223687
1000,300,entropy-2-mse,0.026,0.8881734182535203,0.06244924999998602,0.7992492560134625
1000,301,entropy-2-mse,0.021,0.9802627322900355,0.02417524999998477,0.9914321960306475
1000,302,entropy-2-mse,0.047,0.21939649929677082,0.3732544999999732,0.08512099831939113
1000,303,entropy-2-mse,0.055,0.09710349657052789,0.3653254999999831,0.08939858570768411
1000,304,entropy-2-mse,0.038,0.4659595288557257,0.10616899999996576,0.5559257425167103
1000,305,entropy-2-mse,0.034,0.6101664688189142,0.10465575000000626,0.562992269271887
1000,306,entropy-2-mse,0.053,0.12051526066065596,0.3162887499999556,0.12173734605689712
1000,307,entropy-2-mse,0.037,0.5005673707894058,0.13800899999995409,0.4285839125504054
1000,308,entropy-2-mse,0.051,0.14836452078962484,0.301362499999982,0.1340256085654028
1000,309,entropy-2-mse,0.037,0.5005673707894058,0.09265625000000455,0.6226197490270986
1000,310,entropy-2-mse,0.028,0.8282194040312439,0.06208849999995891,0.8015187985213503
1000,311,entropy-2-mse,0.032,0.6854967337920594,0.04781274999999141,0.8901007740635685
1000,312,entropy-2-mse,0.034,0.6101664688189142,0.1186764999999923,0.5012267401453814
1000,313,entropy-2-mse,0.035,0.5728904395829821,0.08582200000000739,0.6594655646269947
1000,314,entropy-2-mse,0.02,0.9883339509983219,0.028790749999984655,0.9803205112632264
1000,315,entropy-2-mse,0.058,0.06917625399020766,0.2917059999999765,0.1427184183835779
1000,316,entropy-2-mse,0.025,0.9136894237272155,0.04261524999998301,0.9198483972900371
1000,317,entropy-2-mse,0.028,0.8282194040312439,0.059704249999981585,0.8165370078940317
1000,318,entropy-2-mse,0.046,0.24068202486600215,0.23483625000000075,0.20912524128152365
1000,319,entropy-2-mse,0.046,0.24068202486600215,0.2886684999999716,0.1455834241928733
1000,320,entropy-2-mse,0.07,0.014870029418858987,0.6438007499999685,0.017458793146685303
1000,321,entropy-2-mse,0.045,0.26347172719864703,0.23522099999996726,0.2085688879972496
1000,322,entropy-2-mse,0.035,0.5728904395829821,0.1399082499999622,0.4221486106319141
1000,323,entropy-2-mse,0.025,0.9136894237272155,0.054560499999979584,0.8488469921230155
1000,324,entropy-2-mse,0.053,0.12051526066065596,0.5191294999999627,0.03562985267143548
1000,325,entropy-2-mse,0.027,0.8595454206943325,0.08444099999996979,0.6671618058034426
1000,326,entropy-2-mse,0.031,0.7228251828701066,0.04883374999997159,0.8840045265893434
1000,327,entropy-2-mse,0.049,0.18116454248303263,0.3120999999999867,0.12505309813110754
1000,328,entropy-2-mse,0.038,0.4659595288557257,0.20639324999996234,0.25555541623902356
1000,329,entropy-2-mse,0.043,0.3136800387320582,0.11551299999996445,0.5144525964924539
1000,330,entropy-2-mse,0.032,0.6854967337920594,0.10665624999995771,0.5536715552010453
1000,331,entropy-2-mse,0.042,0.34112475112661245,0.1632922499999836,0.3517245834387758
1000,332,entropy-2-mse,0.043,0.3136800387320582,0.1260917500000005,0.4717555769565067
1000,333,entropy-2-mse,0.037,0.5005673707894058,0.13293974999999136,0.44634523109559887
1000,334,entropy-2-mse,0.056,0.08689937254547132,0.3915197499999863,0.07609202785803038
1000,335,entropy-2-mse,0.052,0.13385273551786803,0.3626697499999523,0.09088346825277516
1000,336,entropy-2-mse,0.044,0.28779764348473313,0.12269624999998996,0.48499003584798883
1000,337,entropy-2-mse,0.068,0.01960232095219542,0.39516549999996187,0.07441752449184702
1000,338,entropy-2-mse,0.081,0.0028179208242694134,1.1590104999999653,0.0010474108447683372
1000,339,entropy-2-mse,0.048,0.19957365535779528,0.19242324999999028,0.28280056815287435
1000,340,entropy-2-mse,0.019,0.9937026761524456,0.024263249999989966,0.991269207357665
1000,341,entropy-2-mse,0.028,0.8282194040312439,0.07619899999997415,0.7147543139622741
1000,342,entropy-2-mse,0.051,0.14836452078962484,0.273905999999954,0.16047346742939594
1000,343,entropy-2-mse,0.039,0.43260886958153144,0.16066124999997555,0.3588986048160805
1000,344,entropy-2-mse,0.045,0.26347172719864703,0.15429299999999557,0.3770088116944872
1000,345,entropy-2-mse,0.027,0.8595454206943325,0.061801749999972344,0.8033235426025876
1000,346,entropy-2-mse,0.042,0.34112475112661245,0.24750000000000227,0.19168867246170518
1000,347,entropy-2-mse,0.042,0.34112475112661245,0.07923399999998537,0.6969094099080699
1000,348,entropy-2-mse,0.052,0.13385273551786803,0.2798537499999725,0.15427472420478316
1000,349,entropy-2-mse,0.034,0.6101664688189142,0.15302574999998342,0.38074334806488697
1000,350,entropy-2-mse,0.047,0.21939649929677082,0.24843475000000126,0.19047017783981823
1000,351,entropy-2-mse,0.037,0.5005673707894058,0.15175999999996748,0.3845181856695319
1000,352,entropy-2-mse,0.042,0.34112475112661245,0.23911499999996977,0.20303447957634646
1000,353,entropy-2-mse,0.023,0.9542189106778983,0.037301999999954205,0.9470789600544637
1000,354,entropy-2-mse,0.038,0.4659595288557257,0.20426549999996269,0.25949592066560656
1000,355,entropy-2-mse,0.028,0.8282194040312439,0.07859574999997676,0.7006323583042438
1000,356,entropy-2-mse,0.06,0.05462666510701526,0.39613774999997986,0.07397774001806467
1000,357,entropy-2-mse,0.076,0.006185603570160095,1.1193932499999732,0.0012944034473277855
1000,358,entropy-2-mse,0.023,0.9542189106778983,0.039172500000006494,0.9379485525932623
1000,359,entropy-2-mse,0.029,0.7946637387576738,0.06630749999999352,0.7750798108436052
1000,360,entropy-2-mse,0.03,0.7593695685682871,0.08399449999996023,0.6696678004329344
1000,361,entropy-2-mse,0.016,0.9995502785541052,0.02315499999997428,0.9931860784401056
1000,362,entropy-2-mse,0.048,0.19957365535779528,0.20155875000000378,0.26461385513202873
1000,363,entropy-2-mse,0.023,0.9542189106778983,0.04313249999995605,0.9170037283385948
1000,364,entropy-2-mse,0.026,0.8881734182535203,0.07093474999999216,0.7464957192079034
1000,365,entropy-2-mse,0.04,0.4006338815832625,0.15460874999996577,0.3760852090722888
1000,366,entropy-2-mse,0.025,0.9136894237272155,0.0911692500000072,0.6304589520221339
1000,367,entropy-2-mse,0.044,0.28779764348473313,0.1582499999999527,0.36562934340298003
1000,368,entropy-2-mse,0.03,0.7593695685682871,0.062122999999985495,0.8013017054824414
1000,369,entropy-2-mse,0.052,0.13385273551786803,0.2744950000000017,0.15984707460294767
1000,370,entropy-2-mse,0.021,0.9802627322900355,0.04162149999996245,0.9252277620831424
1000,371,entropy-2-mse,0.027,0.8595454206943325,0.047811499999966145,0.8901081957119982
1000,372,entropy-2-mse,0.029,0.7946637387576738,0.04471674999996367,0.9081166041445572
1000,373,entropy-2-mse,0.054,0.1082872208757189,0.29167274999997517,0.14274943207580404
1000,374,entropy-2-mse,0.059,0.06153429181321559,0.5567414999999869,0.028665708458632477
1000,375,entropy-2-mse,0.04,0.4006338815832625,0.17873824999998078,0.31293335246606724
1000,376,entropy-2-mse,0.049,0.18116454248303263,0.17017549999997073,0.33376005185069535
1000,377,entropy-2-mse,0.07,0.014870029418858987,0.9318394999999668,0.0035562686514792885
1000,378,entropy-2-mse,0.061,0.04839715079181246,0.371323249999989,0.08614187139938623
1000,379,entropy-2-mse,0.035,0.5728904395829821,0.06755349999997406,0.7673310847765267
1000,380,entropy-2-mse,0.047,0.21939649929677082,0.32554774999999836,0.11475117359442533
1000,381,entropy-2-mse,0.06,0.05462666510701526,0.35291824999995924,0.09657232990434439
1000,382,entropy-2-mse,0.024,0.9357699014782725,0.06604049999998551,0.7767444813289074
1000,383,entropy-2-mse,0.03,0.7593695685682871,0.07021549999996068,0.7509016714452258
1000,384,entropy-2-mse,0.026,0.8881734182535203,0.07603924999995115,0.7157033200636682
1000,385,entropy-2-mse,0.02,0.9883339509983219,0.04306149999996478,0.9173959400468764
1000,386,entropy-2-mse,0.036,0.5362766985932181,0.12652774999997973,0.4700873333341957
1000,387,entropy-2-mse,0.043,0.3136800387320582,0.18336374999995542,0.30233513942167645
1000,388,entropy-2-mse,0.037,0.5005673707894058,0.1105389999999602,0.5360725662562258
1000,389,entropy-2-mse,0.023,0.9542189106778983,0.04804724999996779,0.8887066040881155
1000,390,entropy-2-mse,0.044,0.28779764348473313,0.24709224999998014,0.1922230317705068
1000,391,entropy-2-mse,0.038,0.4659595288557257,0.1286929999999984,0.46190552439223376
1000,392,entropy-2-mse,0.042,0.34112475112661245,0.17780949999996665,0.3151149798594223
1000,393,entropy-2-mse,0.044,0.28779764348473313,0.11935599999998203,0.4984378576324453
1000,394,entropy-2-mse,0.032,0.6854967337920594,0.10771424999995816,0.5488121560674694
1000,395,entropy-2-mse,0.044,0.28779764348473313,0.1013309999999592,0.5788705125492432
1000,396,entropy-2-mse,0.064,0.033253124816560224,0.49718424999997524,0.0404947030612226
1000,397,entropy-2-mse,0.037,0.5005673707894058,0.11279724999997143,0.5261299544653791
1000,398,entropy-2-mse,0.045,0.26347172719864703,0.26608475000000453,0.16906374512416877
1000,399,entropy-2-mse,0.036,0.5362766985932181,0.15520924999998442,0.37433621793364513
1000,400,entropy-2-mse,0.03,0.7593695685682871,0.08426049999997076,0.6681738328308551
1000,401,entropy-2-mse,0.045,0.26347172719864703,0.13733874999996942,0.43088303278453743
1000,402,entropy-2-mse,0.028,0.8282194040312439,0.06387449999999717,0.7902958564896475
1000,403,entropy-2-mse,0.042,0.34112475112661245,0.20522024999996802,0.2577188794138129
1000,404,entropy-2-mse,0.046,0.24068202486600215,0.1729952499999854,0.3267220220948439
1000,405,entropy-2-mse,0.059,0.06153429181321559,0.3245017499999676,0.11551754466533504
1000,406,entropy-2-mse,0.043,0.3136800387320582,0.29440349999998716,0.14022758552025205
1000,407,entropy-2-mse,0.033,0.647814872077161,0.08521949999999379,0.6628130675369084
1000,408,entropy-2-mse,0.039,0.43260886958153144,0.09305974999995215,0.620509734073115
1000,409,entropy-2-mse,0.028,0.8282194040312439,0.06172449999996843,0.8038098398560339
1000,410,entropy-2-mse,0.032,0.6854967337920594,0.09536074999999755,0.6086173545251969
1000,411,entropy-2-mse,0.034,0.6101664688189142,0.08703674999998157,0.6527647329075146
1000,412,entropy-2-mse,0.033,0.647814872077161,0.09624149999996234,0.6041284506029552
1000,413,entropy-2-mse,0.029,0.7946637387576738,0.12086625000000595,0.4923041001720052
1000,414,entropy-2-mse,0.051,0.14836452078962484,0.2510369999999966,0.18712510250929126
1000,415,entropy-2-mse,0.032,0.6854967337920594,0.12086775000000216,0.49229805218151557
1000,416,entropy-2-mse,0.043,0.3136800387320582,0.15595399999995152,0.37218072969367744
1000,417,entropy-2-mse,0.05,0.16411447756429137,0.39980074999999715,0.07234592133286677
1000,418,entropy-2-mse,0.031,0.7228251828701066,0.11399449999998978,0.5209446496680542
1000,419,entropy-2-mse,0.036,0.5362766985932181,0.11877174999995077,0.500834707235799
1000,420,entropy-2-mse,0.035,0.5728904395829821,0.14028974999996535,0.42087000408308894
1000,421,entropy-2-mse,0.034,0.6101664688189142,0.0635459999999739,0.7923573602582603
1000,422,entropy-2-mse,0.026,0.8881734182535203,0.05151874999995698,0.867690924607701
1000,423,entropy-2-mse,0.04,0.4006338815832625,0.28826175000000376,0.14597200695724388
1000,424,entropy-2-mse,0.043,0.3136800387320582,0.26549599999998463,0.16973146990338572
1000,425,entropy-2-mse,0.039,0.43260886958153144,0.10616899999996576,0.5559257425167103
1000,426,entropy-2-mse,0.05,0.16411447756429137,0.26818974999997636,0.16670095342572588
1000,427,entropy-2-mse,0.069,0.017090148468768534,0.48175999999995156,0.04433006748683632
1000,428,entropy-2-mse,0.04,0.4006338815832625,0.11060049999997545,0.5357989644270453
1000,429,entropy-2-mse,0.033,0.647814872077161,0.08279224999995449,0.6764579513478012
1000,430,entropy-2-mse,0.049,0.18116454248303263,0.31704399999995303,0.121150036392623
1000,431,entropy-2-mse,0.026,0.8881734182535203,0.058364249999954154,0.8249791756785803
1000,432,entropy-2-mse,0.048,0.19957365535779528,0.22925249999997277,0.2173985415624835
1000,433,entropy-2-mse,0.033,0.647814872077161,0.0793845000000033,0.6960339012700854
1000,434,entropy-2-mse,0.052,0.13385273551786803,0.2999037499999986,0.1352995741098474
1000,435,entropy-2-mse,0.059,0.06153429181321559,0.49356149999999843,0.041362890837486344
1000,436,entropy-2-mse,0.034,0.6101664688189142,0.08990849999997863,0.6371832097777521
1000,437,entropy-2-mse,0.042,0.34112475112661245,0.19689024999996718,0.2737271281663811
1000,438,entropy-2-mse,0.027,0.8595454206943325,0.06394274999996696,0.7898677335903406
1000,439,entropy-2-mse,0.038,0.4659595288557257,0.1289867499999673,0.46080861685921193
1000,440,entropy-2-mse,0.037,0.5005673707894058,0.08648949999997058,0.6557754598565488
1000,441,entropy-2-mse,0.044,0.28779764348473313,0.2598207499999603,0.17632611164184586
1000,442,entropy-2-mse,0.037,0.5005673707894058,0.06013749999999618,0.8138067741044918
1000,443,entropy-2-mse,0.039,0.43260886958153144,0.14496349999996028,0.405577995185751
1000,444,entropy-2-mse,0.027,0.8595454206943325,0.07147874999998294,0.7431735049385764
1000,445,entropy-2-mse,0.055,0.09710349657052789,0.3577814999999873,0.09368778136168843
1000,446,entropy-2-mse,0.034,0.6101664688189142,0.13607374999998,0.43526274906297646
1000,447,entropy-2-mse,0.03,0.7593695685682871,0.056625249999967764,0.8359171281082106
1000,448,entropy-2-mse,0.032,0.6854967337920594,0.12067324999998164,0.4930830027569286
1000,449,entropy-2-mse,0.04,0.4006338815832625,0.21632024999996702,0.2380847714683909
1000,450,entropy-2-mse,0.037,0.5005673707894058,0.09187099999996917,0.6267470557127358
1000,451,entropy-2-mse,0.024,0.9357699014782725,0.0331344999999601,0.9652332633092905
1000,452,entropy-2-mse,0.029,0.7946637387576738,0.07973699999996597,0.6939868532372062
1000,453,entropy-2-mse,0.035,0.5728904395829821,0.06820575000000417,0.7632888278979549
1000,454,entropy-2-mse,0.043,0.3136800387320582,0.18360699999999497,0.3017898463809353
1000,455,entropy-2-mse,0.029,0.7946637387576738,0.08615874999998141,0.6576014855726792
1000,456,entropy-2-mse,0.055,0.09710349657052789,0.36961324999998624,0.08705695939878422
1000,457,entropy-2-mse,0.02,0.9883339509983219,0.03902349999998478,0.9386955800638308
1000,458,entropy-2-mse,0.03,0.7593695685682871,0.0480527499999539,0.8886738607908886
1000,459,entropy-2-mse,0.03,0.7593695685682871,0.0592407499999581,0.8194577308701547
1000,460,entropy-2-mse,0.028,0.8282194040312439,0.07524999999998272,0.7204056642868486
1000,461,entropy-2-mse,0.031,0.7228251828701066,0.06663049999997384,0.7730679203884956
1000,462,entropy-2-mse,0.034,0.6101664688189142,0.10834349999998949,0.5459448146498331
1000,463,entropy-2-mse,0.046,0.24068202486600215,0.1380162499999642,0.4285591239226574
1000,464,entropy-2-mse,0.039,0.43260886958153144,0.1399139999999761,0.42212930472469645
1000,465,entropy-2-mse,0.041,0.37012017606173,0.13236974999995255,0.44839698606153533
1000,466,entropy-2-mse,0.022,0.9690010280430694,0.0304617499999722,0.9750238570748746
1000,467,entropy-2-mse,0.046,0.24068202486600215,0.2726299999999924,0.16184013618241067
1000,468,entropy-2-mse,0.028,0.8282194040312439,0.11604799999997795,0.512187650094743
1000,469,entropy-2-mse,0.044,0.28779764348473313,0.3376437499999838,0.10628775884948916
1000,470,entropy-2-mse,0.03,0.7593695685682871,0.07505025000000387,0.7215993557579632
1000,471,entropy-2-mse,0.03,0.7593695685682871,0.08913849999999002,0.6413250414730072
1000,472,entropy-2-mse,0.026,0.8881734182535203,0.0822289999999839,0.6796602439355177
1000,473,entropy-2-mse,0.032,0.6854967337920594,0.09708249999999907,0.5998747182561338
1000,474,entropy-2-mse,0.041,0.37012017606173,0.12709824999996044,0.467915011231519
1000,475,entropy-2-mse,0.034,0.6101664688189142,0.13192624999999225,0.4500011927660903
1000,476,entropy-2-mse,0.034,0.6101664688189142,0.08110049999999092,0.6861162524078299
1000,477,entropy-2-mse,0.051,0.14836452078962484,0.34286849999995184,0.10284810922451904
1000,478,entropy-2-mse,0.046,0.24068202486600215,0.3218574999999646,0.11748047217127355
1000,479,entropy-2-mse,0.029,0.7946637387576738,0.10537224999995942,0.5596339593965436
1000,480,entropy-2-mse,0.056,0.08689937254547132,0.669304249999982,0.01512352296461672
1000,481,entropy-2-mse,0.033,0.647814872077161,0.09641625000000431,0.6032419563743158
1000,482,entropy-2-mse,0.067,0.022438659451142425,0.7866912499999899,0.007869416135403817
1000,483,entropy-2-mse,0.028,0.8282194040312439,0.05566049999998768,0.8419685944846226
1000,484,entropy-2-mse,0.027,0.8595454206943325,0.05288299999995161,0.8592773061528833
1000,485,entropy-2-mse,0.019,0.9937026761524456,0.02016249999996944,0.9969595334182176
1000,486,entropy-2-mse,0.056,0.08689937254547132,0.4017859999999587,0.07147782011397319
1000,487,entropy-2-mse,0.026,0.8881734182535203,0.06696349999998574,0.7709960301244598
1000,488,entropy-2-mse,0.036,0.5362766985932181,0.1269424999999842,0.46850688467986346
1000,489,entropy-2-mse,0.034,0.6101664688189142,0.09001250000000027,0.6366258259200086
1000,490,entropy-2-mse,0.047,0.21939649929677082,0.25923199999999724,0.17702699586416892
1000,491,entropy-2-mse,0.033,0.647814872077161,0.07762449999995624,0.7063284844772659
1000,492,entropy-2-mse,0.03,0.7593695685682871,0.07286324999995486,0.734759937491019
1000,493,entropy-2-mse,0.046,0.24068202486600215,0.15185349999995879,0.38423779884564746
1000,494,entropy-2-mse,0.048,0.19957365535779528,0.20410024999995358,0.2598049744112503
1000,495,entropy-2-mse,0.033,0.647814872077161,0.07046074999999519,0.7493976383389047
1000,496,entropy-2-mse,0.044,0.28779764348473313,0.21805824999995593,0.23517365341120733
1000,497,entropy-2-mse,0.037,0.5005673707894058,0.13565649999998186,0.43671905809908507
1000,498,entropy-2-mse,0.042,0.34112475112661245,0.19772100000000137,0.27207833750829424
1000,499,entropy-2-mse,0.04,0.4006338815832625,0.24591724999999087,0.19377259175598782
4000,0,entropy-2-mse,0.024,0.19953217025192727,0.24774587500019152,0.19130555854279852
4000,1,entropy-2-mse,0.02125,0.3271132241358086,0.27284614062500623,0.16156197289666574
4000,2,entropy-2-mse,0.01475,0.776999830456084,0.09556635937497049,0.6071790232941733
4000,3,entropy-2-mse,0.033,0.025652836800253945,0.5498380937501679,0.029829808540034253
4000,4,entropy-2-mse,0.019,0.4658145388594836,0.07111585937514064,0.744897280263447
4000,5,entropy-2-mse,0.02075,0.35532495055400326,0.19983332812512344,0.26782992300850506
4000,6,entropy-2-mse,0.0085,0.998711854027964,0.021543968750165732,0.9953498111705451
4000,7,entropy-2-mse,0.03025,0.05144610855237875,0.6559454375001224,0.016306219841051073
4000,8,entropy-2-mse,0.015,0.7591657583125982,0.08033795312508119,0.6900540687762706
4000,9,entropy-2-mse,0.01675,0.6287745329155909,0.09815496875012286,0.5941202993081338
4000,10,entropy-2-mse,0.02,0.4005117335548382,0.1810356718751791,0.30747741529187766
4000,11,entropy-2-mse,0.017,0.6099808127636722,0.11721523437518044,0.5069864913948932
4000,12,entropy-2-mse,0.0175,0.5727136982379695,0.060326687500037224,0.8120949238006576
4000,13,entropy-2-mse,0.01625,0.666478356208385,0.0891630156249903,0.6407771644541314
4000,14,entropy-2-mse,0.01825,0.5181341116358225,0.08134653125011937,0.6842540685513046
4000,15,entropy-2-mse,0.024,0.19953217025192727,0.30470228125000176,0.13112846985122983
4000,16,entropy-2-mse,0.02125,0.3271132241358086,0.25576518750017385,0.18116385412566416
4000,17,entropy-2-mse,0.01675,0.6287745329155909,0.14060814062509053,0.41958176074468023
4000,18,entropy-2-mse,0.01225,0.9250233656548017,0.06307831250001072,0.7947797531271722
4000,19,entropy-2-mse,0.021,0.34102512497981285,0.09974525000006906,0.5862468060718864
4000,20,entropy-2-mse,0.01675,0.6287745329155909,0.13921240625018072,0.4242641789953998
4000,21,entropy-2-mse,0.0165,0.6476216673200987,0.18158560937513357,0.30622131276144826
4000,22,entropy-2-mse,0.016,0.685297719893454,0.08229540625006848,0.6788359889985267
4000,23,entropy-2-mse,0.0275,0.09710426808020226,0.4902120625001771,0.04218263617679563
4000,24,entropy-2-mse,0.01975,0.41631547343708764,0.12773295312513255,0.4652487988325934
4000,25,entropy-2-mse,0.01475,0.776999830456084,0.07585406250018423,0.7163313478667629
4000,26,entropy-2-mse,0.0145,0.7944617391511757,0.06800045312502334,0.7640581676596347
4000,27,entropy-2-mse,0.01775,0.5543126773045001,0.0824518437500501,0.6779463602754735
4000,28,entropy-2-mse,0.018,0.5361098992661512,0.10437439062502563,0.5639674189424393
4000,29,entropy-2-mse,0.01475,0.776999830456084,0.06759757812505995,0.7665544833262214
4000,30,entropy-2-mse,0.01725,0.5912812970766771,0.14267425000002731,0.4127639696401407
4000,31,entropy-2-mse,0.02025,0.38507373873808537,0.14733281250005348,0.3978750753409289
4000,32,entropy-2-mse,0.0165,0.6476216673200987,0.11561934375004057,0.5136959039832736
4000,33,entropy-2-mse,0.0185,0.5004112415345264,0.05832879687500281,0.8246807151293312
4000,34,entropy-2-mse,0.017,0.6099808127636722,0.11683360937513498,0.5085816015836352
4000,35,entropy-2-mse,0.01525,0.741020224678118,0.04863506250012506,0.8846886003691938
4000,36,entropy-2-mse,0.01625,0.666478356208385,0.07402753125006711,0.7272526937230153
4000,37,entropy-2-mse,0.03025,0.05144610855237875,0.39645339062508356,0.07382686138335937
4000,38,entropy-2-mse,0.01275,0.901174517161538,0.039501640625076107,0.935848167457455
4000,39,entropy-2-mse,0.01975,0.41631547343708764,0.19919256250000217,0.26907668167102305
4000,40,entropy-2-mse,0.01875,0.4829645070084936,0.11439309375009543,0.5189212755905028
4000,41,entropy-2-mse,0.0205,0.37000939453424275,0.23580481250019147,0.20765684843691756
4000,42,entropy-2-mse,0.02225,0.2753678172980699,0.182763703125147,0.30355117376166896
4000,43,entropy-2-mse,0.01375,0.8439982063196315,0.0724081562500487,0.7370320842549979
4000,44,entropy-2-mse,0.01675,0.6287745329155909,0.09709417187514191,0.5994352844104582
4000,45,entropy-2-mse,0.0165,0.6476216673200987,0.08662040625017653,0.6546271555421108
4000,46,entropy-2-mse,0.015,0.7591657583125982,0.06993789062516953,0.7521106919885533
4000,47,entropy-2-mse,0.0195,0.43247526803789643,0.1909331562501393,0.28578553797186634
4000,48,entropy-2-mse,0.01975,0.41631547343708764,0.12934056250014692,0.45923330159548237
4000,49,entropy-2-mse,0.014,0.8280224899683375,0.06485976562498763,0.7836112411155877
4000,50,entropy-2-mse,0.02025,0.38507373873808537,0.12695451562512972,0.4681952509643479
4000,51,entropy-2-mse,0.019,0.4658145388594836,0.12778271875004066,0.4650611816319983
4000,52,entropy-2-mse,0.01575,0.704029956889007,0.04605665625012989,0.8999204584384739
4000,53,entropy-2-mse,0.01025,0.9846049689699438,0.031521296875098415,0.9710132376276648
4000,54,entropy-2-mse,0.01575,0.704029956889007,0.10738206250016447,0.5499952355247424
4000,55,entropy-2-mse,0.01625,0.666478356208385,0.05758800000012343,0.8293431588446983
4000,56,entropy-2-mse,0.0185,0.5004112415345264,0.10581785937506538,0.5572128046978206
4000,57,entropy-2-mse,0.0175,0.5727136982379695,0.08556106250011908,0.6604817735774977
4000,58,entropy-2-mse,0.018,0.5361098992661512,0.13669179687508404,0.43288044850435103
4000,59,entropy-2-mse,0.01375,0.8439982063196315,0.04357346875008261,0.9140780341950576
4000,60,entropy-2-mse,0.02425,0.19015817684498368,0.536830015625128,0.03215590595373541
4000,61,entropy-2-mse,0.016,0.685297719893454,0.0777870625001924,0.7049072144488673
4000,62,entropy-2-mse,0.017,0.6099808127636722,0.12446912500013241,0.47775184212589084
4000,63,entropy-2-mse,0.0165,0.6476216673200987,0.11864648437517644,0.5010558672948611
4000,64,entropy-2-mse,0.0225,0.2634033971674249,0.23171542187515115,0.21362814257651408
4000,65,entropy-2-mse,0.012,0.9356282291098752,0.04517203125010383,0.9050284241190794
4000,66,entropy-2-mse,0.0195,0.43247526803789643,0.13585603125011403,0.4357836256136878
4000,67,entropy-2-mse,0.01075,0.9749686469452137,0.04232243750016096,0.9209782094018526
4000,68,entropy-2-mse,0.024,0.19953217025192727,0.15871453125009793,0.36414104278320436
4000,69,entropy-2-mse,0.01,0.9882793155688109,0.022966156250049607,0.993343667955891
4000,70,entropy-2-mse,0.0115,0.954098351789363,0.035917140625087995,0.9530764343606379
4000,71,entropy-2-mse,0.0145,0.7944617391511757,0.08719271874997503,0.6514847088091067
4000,72,entropy-2-mse,0.026,0.13383891038649265,0.2500449218750873,0.1883322067442429
4000,73,entropy-2-mse,0.01775,0.5543126773045001,0.11207610937503887,0.5289628819034358
4000,74,entropy-2-mse,0.01875,0.4829645070084936,0.1716142031250456,0.32999285726888383
4000,75,entropy-2-mse,0.01525,0.741020224678118,0.08443364062509318,0.6667664276113514
4000,76,entropy-2-mse,0.03325,0.024008035370044718,0.6741417656251087,0.014720975559838312
4000,77,entropy-2-mse,0.0155,0.7226224980620596,0.07986575000018092,0.6927838914743638
4000,78,entropy-2-mse,0.02175,0.3004600423333467,0.14727362500002528,0.39806013721267397
4000,79,entropy-2-mse,0.03275,0.027396607200502302,0.6310044062499855,0.018770587665388194
4000,80,entropy-2-mse,0.02275,0.25182308796142594,0.14147743750004338,0.4166968435297316
4000,81,entropy-2-mse,0.01525,0.741020224678118,0.06692979687500156,0.7707005047436025
4000,82,entropy-2-mse,0.01875,0.4829645070084936,0.11619356250002966,0.5112699768355529
4000,83,entropy-2-mse,0.02675,0.11426074389921974,0.37122993750017486,0.08617870924925919
4000,84,entropy-2-mse,0.0165,0.6476216673200987,0.10516631250015962,0.5602504391789525
4000,85,entropy-2-mse,0.0215,0.31359125670612564,0.15193156250006723,0.38380845191512336
4000,86,entropy-2-mse,0.0225,0.2634033971674249,0.1864607031250216,0.29535188832109716
4000,87,entropy-2-mse,0.01425,0.8114898990700368,0.058386312500033455,0.8243185644899788
4000,88,entropy-2-mse,0.026,0.13383891038649265,0.2334477187500852,0.21107441594668985
4000,89,entropy-2-mse,0.0245,0.18113086517407834,0.26935504687503453,0.1653615779212978
4000,90,entropy-2-mse,0.011,0.9689029039633784,0.039393015625137195,0.9363995482131321
4000,91,entropy-2-mse,0.013,0.887997310260275,0.054129343749991676,0.8510142799638236
4000,92,entropy-2-mse,0.0155,0.7226224980620596,0.10640248437516675,0.5545028496854767
4000,93,entropy-2-mse,0.0145,0.7944617391511757,0.061964984374981213,0.8017790162588304
4000,94,entropy-2-mse,0.01225,0.9250233656548017,0.06380585937517935,0.790213187589287
4000,95,entropy-2-mse,0.02525,0.15605771948735336,0.25527929687518736,0.18176031738719944
4000,96,entropy-2-mse,0.02475,0.17244323302142237,0.3254318906251683,0.1148119001780945
4000,97,entropy-2-mse,0.01725,0.5912812970766771,0.09771368750011789,0.596325149763181
4000,98,entropy-2-mse,0.02825,0.08215090924309786,0.32616953125011605,0.1142746439694885
4000,99,entropy-2-mse,0.0205,0.37000939453424275,0.2037716250001722,0.2603166716559894
4000,100,entropy-2-mse,0.0175,0.5727136982379695,0.12970832812516164,0.45787019700848175
4000,101,entropy-2-mse,0.01575,0.704029956889007,0.09327564062505189,0.6189864438348711
4000,102,entropy-2-mse,0.0125,0.913528996183277,0.052025843750016065,0.8640540428253883
4000,103,entropy-2-mse,0.0125,0.913528996183277,0.043240703125093205,0.9159299316848785
4000,104,entropy-2-mse,0.0165,0.6476216673200987,0.1279197343751548,0.46454509472650307
4000,105,entropy-2-mse,0.011,0.9689029039633784,0.03365625000014916,0.9627877878770242
4000,106,entropy-2-mse,0.019,0.4658145388594836,0.15075032812501377,0.3873634787599767
4000,107,entropy-2-mse,0.00975,0.9912756769317689,0.02477343750001637,0.9901090725462759
4000,108,entropy-2-mse,0.01625,0.666478356208385,0.08236492187506883,0.6784405401205216
4000,109,entropy-2-mse,0.0185,0.5004112415345264,0.08133618750002825,0.6843133385849527
4000,110,entropy-2-mse,0.01475,0.776999830456084,0.05723496874998091,0.8315634266997622
4000,111,entropy-2-mse,0.0215,0.31359125670612564,0.11728007812507713,0.5067160374941874
4000,112,entropy-2-mse,0.023,0.24062319123459228,0.2534255781251886,0.18405685116577297
4000,113,entropy-2-mse,0.01125,0.9619541441337661,0.03948382812518503,0.9359386993922157
4000,114,entropy-2-mse,0.018,0.5361098992661512,0.09704465625009107,0.599684609780507
4000,115,entropy-2-mse,0.022,0.28771931445021076,0.20744695312509975,0.2535306631269918
4000,116,entropy-2-mse,0.02675,0.11426074389921974,0.45551639062500726,0.051764239907016396
4000,117,entropy-2-mse,0.02475,0.17244323302142237,0.3808054531250491,0.08124320615703251
4000,118,entropy-2-mse,0.0215,0.31359125670612564,0.2928768906251662,0.14159525849208388
4000,119,entropy-2-mse,0.024,0.19953217025192727,0.20815464062502542,0.2522482975519036
4000,120,entropy-2-mse,0.0225,0.2634033971674249,0.33403482812514085,0.10871663024104339
4000,121,entropy-2-mse,0.0255,0.14834467403802132,0.21118412500004524,0.24684511010365662
4000,122,entropy-2-mse,0.021,0.34102512497981285,0.13586668750008357,0.43574646260761984
4000,123,entropy-2-mse,0.0245,0.18113086517407834,0.243573609375062,0.19684207956628763
4000,124,entropy-2-mse,0.0095,0.993666304754471,0.028181984375123648,0.9818339527396233
4000,125,entropy-2-mse,0.02375,0.20925953950039303,0.15922006250002596,0.36272461477497164
4000,126,entropy-2-mse,0.0285,0.07761887110135401,0.419096609375174,0.0643616705483262
4000,127,entropy-2-mse,0.0135,0.8593571080288191,0.08783151562511193,0.647994299552888
4000,128,entropy-2-mse,0.026,0.13383891038649265,0.3463493125000241,0.10060677177036226
4000,129,entropy-2-mse,0.02625,0.12703021468908796,0.3630129218749971,0.09067565491929697
4000,130,entropy-2-mse,0.017,0.6099808127636722,0.08863539062508607,0.6436276151078871
4000,131,entropy-2-mse,0.02675,0.11426074389921974,0.3108046406250651,0.12607014327982646
4000,132,entropy-2-mse,0.01775,0.5543126773045001,0.051208156250140746,0.8690800730608338
4000,133,entropy-2-mse,0.0125,0.913528996183277,0.041779078125046,0.9239202859702426
4000,134,entropy-2-mse,0.01525,0.741020224678118,0.08073475000014696,0.687767218508516
4000,135,entropy-2-mse,0.021,0.34102512497981285,0.13981406250013606,0.4222380740514662
4000,136,entropy-2-mse,0.02225,0.2753678172980699,0.2979224218750005,0.13701814335296347
4000,137,entropy-2-mse,0.017,0.6099808127636722,0.15958360937497673,0.361710124046712
4000,138,entropy-2-mse,0.023,0.24062319123459228,0.23296221875011724,0.2117865054444048
4000,139,entropy-2-mse,0.01125,0.9619541441337661,0.05503192187507011,0.8453804692727777
4000,140,entropy-2-mse,0.0125,0.913528996183277,0.03967134375011483,0.9349833922363114
4000,141,entropy-2-mse,0.0135,0.8593571080288191,0.07091824999997698,0.7461045108289082
4000,142,entropy-2-mse,0.018,0.5361098992661512,0.12208998437517948,0.4871165592951937
4000,143,entropy-2-mse,0.01575,0.704029956889007,0.07716882812496806,0.7085455831090408
4000,144,entropy-2-mse,0.0215,0.31359125670612564,0.14637664062502154,0.40087749915672044
4000,145,entropy-2-mse,0.02575,0.1409410523926459,0.18666029687506125,0.29491684883063696
4000,146,entropy-2-mse,0.01775,0.5543126773045001,0.1669076718751512,0.3419842568392345
4000,147,entropy-2-mse,0.01025,0.9846049689699438,0.04952884375006761,0.8793067598492309
4000,148,entropy-2-mse,0.0245,0.18113086517407834,0.1845987968749796,0.2994475219628747
4000,149,entropy-2-mse,0.01475,0.776999830456084,0.09893414062503325,0.590248485485928
4000,150,entropy-2-mse,0.01575,0.704029956889007,0.10529078125000524,0.5596687162708314
4000,151,entropy-2-mse,0.013,0.887997310260275,0.0633656874999815,0.7929752098941392
4000,152,entropy-2-mse,0.014,0.8280224899683375,0.05127609375017528,0.8686635484399968
4000,153,entropy-2-mse,0.02325,0.2297993508980904,0.2898701250001068,0.1444050941224253
4000,154,entropy-2-mse,0.027,0.10828369008121504,0.46495660937512184,0.048947750048277894
4000,155,entropy-2-mse,0.019,0.4658145388594836,0.06360775000007379,0.7914559872994927
4000,156,entropy-2-mse,0.017,0.6099808127636722,0.12709704687517842,0.46765410528407714
4000,157,entropy-2-mse,0.01425,0.8114898990700368,0.06796560937505092,0.7642739149476575
4000,158,entropy-2-mse,0.022,0.28771931445021076,0.12409900000011476,0.4791946740489167
4000,159,entropy-2-mse,0.04,0.003320101215632074,0.9732532499999706,0.0028425582497797475
4000,160,entropy-2-mse,0.0255,0.14834467403802132,0.27158998437516857,0.16291749297204017
4000,161,entropy-2-mse,0.021,0.34102512497981285,0.2153483281251738,0.2396405611220671
4000,162,entropy-2-mse,0.01475,0.776999830456084,0.058564375000059954,0.8231972683370656
4000,163,entropy-2-mse,0.022,0.28771931445021076,0.21177010937503837,0.2458159135373098
4000,164,entropy-2-mse,0.01275,0.901174517161538,0.055973156250047396,0.8394868396870745
4000,165,entropy-2-mse,0.01025,0.9846049689699438,0.03410467187518407,0.9609401242821327
4000,166,entropy-2-mse,0.01825,0.5181341116358225,0.0994698281251658,0.5876023300525883
4000,167,entropy-2-mse,0.02375,0.20925953950039303,0.1736762968751009,0.3248992954285248
4000,168,entropy-2-mse,0.021,0.34102512497981285,0.1228878281251582,0.4839521857512771
4000,169,entropy-2-mse,0.0105,0.9801870613022478,0.04115156250009022,0.9272738604527168
4000,170,entropy-2-mse,0.01225,0.9250233656548017,0.03638612500003546,0.9509432516243033
4000,171,entropy-2-mse,0.01975,0.41631547343708764,0.13773525000010522,0.4292883324413833
4000,172,entropy-2-mse,0.029,0.06918681099703129,0.4077732343750995,0.06891998938474564
4000,173,entropy-2-mse,0.01525,0.741020224678118,0.07755607812509879,0.7062648564186329
4000,174,entropy-2-mse,0.01825,0.5181341116358225,0.0983235312501165,0.5932803846621444
4000,175,entropy-2-mse,0.02,0.4005117335548382,0.17483846875006748,0.3220704264058194
4000,176,entropy-2-mse,0.01525,0.741020224678118,0.09647343749998072,0.6025688257833033
4000,177,entropy-2-mse,0.01575,0.704029956889007,0.11327959375012142,0.5237194426040315
4000,178,entropy-2-mse,0.02575,0.1409410523926459,0.2887923750001846,0.1454276085821078
4000,179,entropy-2-mse,0.0145,0.7944617391511757,0.08905571875015994,0.6413558216086563
4000,180,entropy-2-mse,0.01525,0.741020224678118,0.10412271874997714,0.5651544071857602
4000,181,entropy-2-mse,0.0205,0.37000939453424275,0.13993118749999667,0.4218450040988071
4000,182,entropy-2-mse,0.0115,0.954098351789363,0.03958660937519198,0.93541569275955
4000,183,entropy-2-mse,0.02225,0.2753678172980699,0.099479781250011,0.5875532855173226
4000,184,entropy-2-mse,0.01625,0.666478356208385,0.10167034375012918,0.57686649841009
4000,185,entropy-2-mse,0.01425,0.8114898990700368,0.0760776250001527,0.7150028988878141
4000,186,entropy-2-mse,0.01675,0.6287745329155909,0.14337304687501273,0.41048830592008134
4000,187,entropy-2-mse,0.02975,0.05800611841841547,0.3571119375001217,0.09406356913814373
4000,188,entropy-2-mse,0.01975,0.41631547343708764,0.18618931250011883,0.2959446556428533
4000,189,entropy-2-mse,0.01875,0.4829645070084936,0.1279800781251197,0.46431801810213624
4000,190,entropy-2-mse,0.0175,0.5727136982379695,0.12447029687518807,0.47774728204691896
4000,191,entropy-2-mse,0.02575,0.1409410523926459,0.4806153906251893,0.0446286570769191
4000,192,entropy-2-mse,0.021,0.34102512497981285,0.2071147500000734,0.25413530540121887
4000,193,entropy-2-mse,0.01575,0.704029956889007,0.11708046875014588,0.5075491169362711
4000,194,entropy-2-mse,0.03275,0.027396607200502302,0.49567604687513267,0.04085360960323681
4000,195,entropy-2-mse,0.01675,0.6287745329155909,0.08687262500006909,0.6532404961031859
4000,196,entropy-2-mse,0.0375,0.007208687335815516,0.7568396875001326,0.009284159400093306
4000,197,entropy-2-mse,0.01025,0.9846049689699438,0.03392207812498782,0.9616973236499831
4000,198,entropy-2-mse,0.0155,0.7226224980620596,0.0808626718751384,0.6870313488287325
4000,199,entropy-2-mse,0.02025,0.38507373873808537,0.11607798437512429,0.5117571945696555
4000,200,entropy-2-mse,0.0395,0.0038925294388926384,0.848677250000037,0.00559899019048582
4000,201,entropy-2-mse,0.0145,0.7944617391511757,0.08638964062515697,0.6558983215306226
4000,202,entropy-2-mse,0.01725,0.5912812970766771,0.06258820312518765,0.797859482752266
4000,203,entropy-2-mse,0.02,0.4005117335548382,0.1697265312500349,0.33474032029329404
4000,204,entropy-2-mse,0.015,0.7591657583125982,0.04572506249996877,0.9018429181696559
4000,205,entropy-2-mse,0.016,0.685297719893454,0.07792417187511091,0.7041023138396314
4000,206,entropy-2-mse,0.01675,0.6287745329155909,0.14503717187517395,0.4051295944323553
4000,207,entropy-2-mse,0.0165,0.6476216673200987,0.07455798437513295,0.7240687315402456
4000,208,entropy-2-mse,0.01925,0.44897950977802004,0.08917207812510242,0.6407283134850128
4000,209,entropy-2-mse,0.01575,0.704029956889007,0.17514590625000892,0.32132706175311443
4000,210,entropy-2-mse,0.019,0.4658145388594836,0.11301176562506043,0.5248811504944582
4000,211,entropy-2-mse,0.01575,0.704029956889007,0.09210778124997887,0.625097086814012
4000,212,entropy-2-mse,0.015,0.7591657583125982,0.1171450625001853,0.50727935744711
4000,213,entropy-2-mse,0.02925,0.06527164193760714,0.5731972343751295,0.0260834766237229
4000,214,entropy-2-mse,0.015,0.7591657583125982,0.04520431250011825,0.9048432152390107
4000,215,entropy-2-mse,0.01275,0.901174517161538,0.06675889062512397,0.7717631945767721
4000,216,entropy-2-mse,0.02375,0.20925953950039303,0.30363404687500406,0.13203721344567665
4000,217,entropy-2-mse,0.03225,0.031200917470224694,0.5741001406249779,0.02594892225214951
4000,218,entropy-2-mse,0.01275,0.901174517161538,0.060538375000078304,0.8107613363729651
4000,219,entropy-2-mse,0.014,0.8280224899683375,0.0741704218751238,0.7263940490657496
4000,220,entropy-2-mse,0.01975,0.41631547343708764,0.20417812499999854,0.25955557423453346
4000,221,entropy-2-mse,0.02075,0.35532495055400326,0.08905526562512023,0.6413582664226339
4000,222,entropy-2-mse,0.0125,0.913528996183277,0.06326671875012835,0.7935965634611335
4000,223,entropy-2-mse,0.0115,0.954098351789363,0.0413688749999892,0.9261179937194406
4000,224,entropy-2-mse,0.014,0.8280224899683375,0.08674642187497739,0.6539339910149683
4000,225,entropy-2-mse,0.02425,0.19015817684498368,0.2196871718751936,0.23239720123321705
4000,226,entropy-2-mse,0.01475,0.776999830456084,0.0772215468750801,0.7082347554435394
4000,227,entropy-2-mse,0.0155,0.7226224980620596,0.08635917187507403,0.6560663327182765
4000,228,entropy-2-mse,0.0205,0.37000939453424275,0.22568300000011732,0.222808650786545
4000,229,entropy-2-mse,0.01375,0.8439982063196315,0.06477712500009147,0.7841282998872527
4000,230,entropy-2-mse,0.01125,0.9619541441337661,0.0547791562501061,0.846960133407672
4000,231,entropy-2-mse,0.016,0.685297719893454,0.108052234375009,0.5469351546774315
4000,232,entropy-2-mse,0.01375,0.8439982063196315,0.11044004687505549,0.5361877990903867
4000,233,entropy-2-mse,0.02675,0.11426074389921974,0.3603760468749897,0.0921727193195202
4000,234,entropy-2-mse,0.017,0.6099808127636722,0.09538820312513963,0.6080888474469366
4000,235,entropy-2-mse,0.012,0.9356282291098752,0.04864929687505537,0.8846032593978437
4000,236,entropy-2-mse,0.0125,0.913528996183277,0.03273479687504732,0.9664561116638878
4000,237,entropy-2-mse,0.01475,0.776999830456084,0.056966625000086424,0.8332502013987488
4000,238,entropy-2-mse,0.0175,0.5727136982379695,0.12693365625000297,0.46827450966643425
4000,239,entropy-2-mse,0.01725,0.5912812970766771,0.09994770312505352,0.5852525648274942
4000,240,entropy-2-mse,0.01675,0.6287745329155909,0.11964515625004424,0.4969656633774615
4000,241,entropy-2-mse,0.01975,0.41631547343708764,0.17102614062514476,0.3314630545423628
4000,242,entropy-2-mse,0.02675,0.11426074389921974,0.42019585937509873,0.06393675070505334
4000,243,entropy-2-mse,0.01725,0.5912812970766771,0.08829757812509342,0.6454591292412759
4000,244,entropy-2-mse,0.01425,0.8114898990700368,0.0728988125001706,0.7340597877482973
4000,245,entropy-2-mse,0.0095,0.993666304754471,0.02591318750000937,0.9876603705626511
4000,246,entropy-2-mse,0.017,0.6099808127636722,0.11865826562507209,0.5010073866600417
4000,247,entropy-2-mse,0.0115,0.954098351789363,0.03078231250015051,0.9736298689328922
4000,248,entropy-2-mse,0.0165,0.6476216673200987,0.09400709375017868,0.6151905098399861
4000,249,entropy-2-mse,0.02375,0.20925953950039303,0.3684225312501894,0.08768707588180402
4000,250,entropy-2-mse,0.0175,0.5727136982379695,0.11022642187504061,0.5371394688489778
4000,251,entropy-2-mse,0.02125,0.3271132241358086,0.16326067187515036,0.3516395713021
4000,252,entropy-2-mse,0.01275,0.901174517161538,0.055006000000048516,0.8455425329219532
4000,253,entropy-2-mse,0.01825,0.5181341116358225,0.1498989843751133,0.3899503558106724
4000,254,entropy-2-mse,0.0145,0.7944617391511757,0.12053009375017609,0.4933739036544281
4000,255,entropy-2-mse,0.01425,0.8114898990700368,0.04560729687500498,0.9025234662532446
4000,256,entropy-2-mse,0.015,0.7591657583125982,0.05610229687499668,0.8386769695433529
4000,257,entropy-2-mse,0.022,0.28771931445021076,0.257910734375173,0.1785569665753084
4000,258,entropy-2-mse,0.0235,0.2193466228114725,0.2817290312500518,0.15233623822789155
4000,259,entropy-2-mse,0.018,0.5361098992661512,0.12411375000010594,0.4791370767852059
4000,260,entropy-2-mse,0.011,0.9689029039633784,0.04746901562498351,0.8916353414103791
4000,261,entropy-2-mse,0.03025,0.05144610855237875,0.5034396875000766,0.03904069636128604
4000,262,entropy-2-mse,0.01025,0.9846049689699438,0.04143279687514223,0.92577688010457
4000,263,entropy-2-mse,0.01925,0.44897950977802004,0.1237274218751736,0.4806483499107963
4000,264,entropy-2-mse,0.0165,0.6476216673200987,0.07778145312499873,0.7049401598335916
4000,265,entropy-2-mse,0.02125,0.3271132241358086,0.29327437500000997,0.14122846486106155
4000,266,entropy-2-mse,0.014,0.8280224899683375,0.07670849999999518,0.7112641549246266
4000,267,entropy-2-mse,0.023,0.24062319123459228,0.2184399375000794,0.23445251545558432
4000,268,entropy-2-mse,0.014,0.8280224899683375,0.12589668750001692,0.4722347786784613
4000,269,entropy-2-mse,0.01825,0.5181341116358225,0.10964128125010575,0.539756055131195
4000,270,entropy-2-mse,0.01325,0.8740415683356425,0.04211482812502254,0.9221064153464484
4000,271,entropy-2-mse,0.016,0.685297719893454,0.07207229687514882,0.7390711456150068
4000,272,entropy-2-mse,0.0245,0.18113086517407834,0.27010181250011556,0.16454028126752152
4000,273,entropy-2-mse,0.0205,0.37000939453424275,0.14409681250003814,0.40814724733003716
4000,274,entropy-2-mse,0.0195,0.43247526803789643,0.12930404687517694,0.4593689083984682
4000,275,entropy-2-mse,0.03,0.05464141806777525,0.5845544062501631,0.024442597770871433
4000,276,entropy-2-mse,0.01525,0.741020224678118,0.12898840625007324,0.46054308067456284
4000,277,entropy-2-mse,0.0225,0.2634033971674249,0.22073709375013095,0.2306835238455901
4000,278,entropy-2-mse,0.0165,0.6476216673200987,0.12904434375013807,0.4603347349358864
4000,279,entropy-2-mse,0.01825,0.5181341116358225,0.14770096875008676,0.39672628809464305
4000,280,entropy-2-mse,0.021,0.34102512497981285,0.13490276562515646,0.4391235023815995
4000,281,entropy-2-mse,0.018,0.5361098992661512,0.09690392187508223,0.6003938490722751
4000,282,entropy-2-mse,0.03125,0.04022532743860137,0.5606114531251478,0.028036682293098525
4000,283,entropy-2-mse,0.0295,0.06154715950465581,0.35699760937518477,0.0941305652208635
4000,284,entropy-2-mse,0.019,0.4658145388594836,0.12827517187497506,0.4632094630875002
4000,285,entropy-2-mse,0.02075,0.35532495055400326,0.18639217187501345,0.2955014385138135
4000,286,entropy-2-mse,0.0225,0.2634033971674249,0.23974085937516065,0.20209317365176382
4000,287,entropy-2-mse,0.01725,0.5912812970766771,0.20982920312508213,0.24924448825502088
4000,288,entropy-2-mse,0.0185,0.5004112415345264,0.09750700000017787,0.5973608616604442
4000,289,entropy-2-mse,0.019,0.4658145388594836,0.18694715624997116,0.29429295043340864
4000,290,entropy-2-mse,0.032,0.0332718194654303,0.6025232343749849,0.022062365449379007
4000,291,entropy-2-mse,0.0185,0.5004112415345264,0.12113953125003718,0.49091803260351674
4000,292,entropy-2-mse,0.025,0.16408801422575067,0.2215294843749689,0.22940006232709031
4000,293,entropy-2-mse,0.01575,0.704029956889007,0.09731196875009118,0.5983399219714003
4000,294,entropy-2-mse,0.023,0.24062319123459228,0.19878073437507737,0.269881649157937
4000,295,entropy-2-mse,0.01875,0.4829645070084936,0.11655034375007745,0.5097693651105557
4000,296,entropy-2-mse,0.01175,0.9453232898802945,0.04285578125018219,0.9180573998122391
4000,297,entropy-2-mse,0.01675,0.6287745329155909,0.0853178437500901,0.6618328871174082
4000,298,entropy-2-mse,0.012,0.9356282291098752,0.06977576562508148,0.7531066039461427
4000,299,entropy-2-mse,0.01675,0.6287745329155909,0.125944843750176,0.4720499892472493
4000,300,entropy-2-mse,0.01525,0.741020224678118,0.06840790625005866,0.7615374875952269
4000,301,entropy-2-mse,0.0215,0.31359125670612564,0.1713552187500227,0.3306393640692745
4000,302,entropy-2-mse,0.0105,0.9801870613022478,0.0403610937501071,0.9314273303871219
4000,303,entropy-2-mse,0.02975,0.05800611841841547,0.491267859375057,0.04192231655132572
4000,304,entropy-2-mse,0.01325,0.8740415683356425,0.0639416250000977,0.7893617961466951
4000,305,entropy-2-mse,0.03025,0.05144610855237875,0.32954559375002646,0.11185116095961611
4000,306,entropy-2-mse,0.0125,0.913528996183277,0.06155234375000873,0.8043759118683147
4000,307,entropy-2-mse,0.0165,0.6476216673200987,0.09504335937504038,0.6098539862156936
4000,308,entropy-2-mse,0.0185,0.5004112415345264,0.11368075000018507,0.5219849552480911
4000,309,entropy-2-mse,0.0195,0.43247526803789643,0.11746568750004371,0.5059428156839281
4000,310,entropy-2-mse,0.02075,0.35532495055400326,0.1464622812500238,0.40060747159140453
4000,311,entropy-2-mse,0.019,0.4658145388594836,0.1030395000000226,0.570295009268535
4000,312,entropy-2-mse,0.02225,0.2753678172980699,0.17564834375002647,0.320116648733602
4000,313,entropy-2-mse,0.01825,0.5181341116358225,0.1511150468750202,0.3862615967346704
4000,314,entropy-2-mse,0.0115,0.954098351789363,0.054344578124982945,0.8496725967206389
4000,315,entropy-2-mse,0.01125,0.9619541441337661,0.03509884375012007,0.9567033473902441
4000,316,entropy-2-mse,0.02725,0.10256756915209451,0.3273128906250804,0.11344740862575697
4000,317,entropy-2-mse,0.0225,0.2634033971674249,0.28147101562512944,0.15259558403058682
4000,318,entropy-2-mse,0.01075,0.9749686469452137,0.03210634375000154,0.9688558892731262
4000,319,entropy-2-mse,0.01425,0.8114898990700368,0.07913145312500092,0.6970468161286102
4000,320,entropy-2-mse,0.01425,0.8114898990700368,0.07010671875013941,0.7510743897322294
4000,321,entropy-2-mse,0.016,0.685297719893454,0.1565395625000292,0.370311815706618
4000,322,entropy-2-mse,0.02325,0.2297993508980904,0.20766126562512,0.2531415013106594
4000,323,entropy-2-mse,0.016,0.685297719893454,0.1141190937501051,0.5200972448820629
4000,324,entropy-2-mse,0.028,0.08690390956610039,0.3360694687501109,0.10732818800054245
4000,325,entropy-2-mse,0.0235,0.2193466228114725,0.27732604687503226,0.15683172301676385
4000,326,entropy-2-mse,0.0215,0.31359125670612564,0.15446921875013686,0.37630357537687986
4000,327,entropy-2-mse,0.01725,0.5912812970766771,0.08864671875016938,0.6435662855415487
4000,328,entropy-2-mse,0.01675,0.6287745329155909,0.08955214062507366,0.6386829065307814
4000,329,entropy-2-mse,0.00875,0.997975243681029,0.023647453125022366,0.9922163959555339
4000,330,entropy-2-mse,0.018,0.5361098992661512,0.13068409375000556,0.45427686451093574
4000,331,entropy-2-mse,0.0135,0.8593571080288191,0.049853687499989974,0.8773395967250778
4000,332,entropy-2-mse,0.0165,0.6476216673200987,0.13566742187504133,0.4364420181737426
4000,333,entropy-2-mse,0.029,0.06918681099703129,0.3575067968749863,0.09383258474999123
4000,334,entropy-2-mse,0.01475,0.776999830456084,0.06792128125016461,0.764548430468257
4000,335,entropy-2-mse,0.012,0.9356282291098752,0.05844057812510073,0.8239768605503908
4000,336,entropy-2-mse,0.01525,0.741020224678118,0.06281917187516228,0.7964078121147887
4000,337,entropy-2-mse,0.0165,0.6476216673200987,0.11251357812511742,0.5270499363877661
4000,338,entropy-2-mse,0.0265,0.12050686997254086,0.5069482187500398,0.03824940758232409
4000,339,entropy-2-mse,0.02125,0.3271132241358086,0.22713835937497606,0.22055202944094077
4000,340,entropy-2-mse,0.018,0.5361098992661512,0.08402198437511288,0.669074864776816
4000,341,entropy-2-mse,0.0135,0.8593571080288191,0.07024264062511065,0.750240661624004
4000,342,entropy-2-mse,0.015,0.7591657583125982,0.05499235937509184,0.8456278083498454
4000,343,entropy-2-mse,0.02825,0.08215090924309786,0.40730151562502215,0.06911727926708855
4000,344,entropy-2-mse,0.0255,0.14834467403802132,0.24145565625008203,0.19972385616017874
4000,345,entropy-2-mse,0.01625,0.666478356208385,0.04515735937502541,0.9051125711970125
4000,346,entropy-2-mse,0.014,0.8280224899683375,0.091043000000127,0.6307218602835007
4000,347,entropy-2-mse,0.02225,0.2753678172980699,0.2371758593751565,0.2056987618972117
4000,348,entropy-2-mse,0.03,0.05464141806777525,0.5259817187500175,0.03424093566197883
4000,349,entropy-2-mse,0.01725,0.5912812970766771,0.09497781250001935,0.6101901042068054
4000,350,entropy-2-mse,0.0135,0.8593571080288191,0.051597640625004715,0.8666894759494118
4000,351,entropy-2-mse,0.0115,0.954098351789363,0.05028503125004136,0.8747189503678774
4000,352,entropy-2-mse,0.01375,0.8439982063196315,0.0645515156249985,0.7855404379874582
4000,353,entropy-2-mse,0.0115,0.954098351789363,0.05172032812515681,0.8659351285339327
4000,354,entropy-2-mse,0.01275,0.901174517161538,0.07281134375011789,0.7345890784426212
4000,355,entropy-2-mse,0.01675,0.6287745329155909,0.06740307812515312,0.7677610207477626
4000,356,entropy-2-mse,0.014,0.8280224899683375,0.04892435937517803,0.8829517340655673
4000,357,entropy-2-mse,0.022,0.28771931445021076,0.18384824999998273,0.30111778681380974
4000,358,entropy-2-mse,0.016,0.685297719893454,0.10685378125003808,0.5524210287791893
4000,359,entropy-2-mse,0.01375,0.8439982063196315,0.07631860937499368,0.7135730011031236
4000,360,entropy-2-mse,0.01125,0.9619541441337661,0.035324406250083484,0.9557159080780334
4000,361,entropy-2-mse,0.01475,0.776999830456084,0.062092375000020184,0.8009775601455837
4000,362,entropy-2-mse,0.0235,0.2193466228114725,0.2615070781250779,0.17428386484654468
4000,363,entropy-2-mse,0.01375,0.8439982063196315,0.06951028125013181,0.7547390145794216
4000,364,entropy-2-mse,0.012,0.9356282291098752,0.04243046875012624,0.9203891760304584
4000,365,entropy-2-mse,0.02475,0.17244323302142237,0.23576214062518375,0.20771814016170798
4000,366,entropy-2-mse,0.03025,0.05144610855237875,0.4281629531251383,0.06094562236954004
4000,367,entropy-2-mse,0.0165,0.6476216673200987,0.10667015625017484,0.5532670252203411
4000,368,entropy-2-mse,0.01525,0.741020224678118,0.10476025000002664,0.5621529237432367
4000,369,entropy-2-mse,0.01975,0.41631547343708764,0.13960285937514527,0.42294798256683575
4000,370,entropy-2-mse,0.0215,0.31359125670612564,0.14930496875012977,0.3917676845559024
4000,371,entropy-2-mse,0.02125,0.3271132241358086,0.22648017187498226,0.2215692407264066
4000,372,entropy-2-mse,0.015,0.7591657583125982,0.08200518750004449,0.6804891345312686
4000,373,entropy-2-mse,0.02525,0.15605771948735336,0.2515766875001191,0.1863809461924928
4000,374,entropy-2-mse,0.0175,0.5727136982379695,0.09473501562501951,0.6114368287921779
4000,375,entropy-2-mse,0.02025,0.38507373873808537,0.1187532656251733,0.5006166554483877
4000,376,entropy-2-mse,0.033,0.025652836800253945,0.48676126562509126,0.043045450585332046
4000,377,entropy-2-mse,0.03425,0.018325998061593386,0.7860381718751341,0.007900174474891886
4000,378,entropy-2-mse,0.012,0.9356282291098752,0.0702975937501833,0.7499037361242653
4000,379,entropy-2-mse,0.01725,0.5912812970766771,0.10633078125010798,0.5548344243917863
4000,380,entropy-2-mse,0.021,0.34102512497981285,0.10036742187503478,0.5831971567390997
4000,381,entropy-2-mse,0.01475,0.776999830456084,0.08099437500004569,0.6862744328313835
4000,382,entropy-2-mse,0.016,0.685297719893454,0.09196829687516583,0.6258310206204027
4000,383,entropy-2-mse,0.019,0.4658145388594836,0.09721571875002155,0.5988237279420425
4000,384,entropy-2-mse,0.0135,0.8593571080288191,0.08150304687501375,0.6833577720078465
4000,385,entropy-2-mse,0.02375,0.20925953950039303,0.2380878124999981,0.2044082947666115
4000,386,entropy-2-mse,0.0185,0.5004112415345264,0.18987690624999232,0.2880108468051644
4000,387,entropy-2-mse,0.02125,0.3271132241358086,0.22543235937519057,0.22320002172540476
4000,388,entropy-2-mse,0.01225,0.9250233656548017,0.06748943750017133,0.7672252015686242
4000,389,entropy-2-mse,0.0205,0.37000939453424275,0.19100710937505028,0.28563050726367456
4000,390,entropy-2-mse,0.01525,0.741020224678118,0.06415507812516807,0.7880237484134093
4000,391,entropy-2-mse,0.0215,0.31359125670612564,0.2740051250000306,0.16032275663406792
4000,392,entropy-2-mse,0.01375,0.8439982063196315,0.11888435937498798,0.500078056544891
4000,393,entropy-2-mse,0.01975,0.41631547343708764,0.11046264062497357,0.5360872595101953
4000,394,entropy-2-mse,0.01425,0.8114898990700368,0.10128157812505378,0.5787475527365462
4000,395,entropy-2-mse,0.017,0.6099808127636722,0.11678931250003188,0.5087671308073712
4000,396,entropy-2-mse,0.03475,0.01596315804115035,0.657702718749988,0.016145721188554063
4000,397,entropy-2-mse,0.02025,0.38507373873808537,0.19430396875009137,0.27882045820404167
4000,398,entropy-2-mse,0.01225,0.9250233656548017,0.04409592187516864,0.9111475830893573
4000,399,entropy-2-mse,0.02175,0.3004600423333467,0.20926567187507317,0.25025057386522664
4000,400,entropy-2-mse,0.02075,0.35532495055400326,0.23733165625003494,0.20547762705627748
4000,401,entropy-2-mse,0.01625,0.666478356208385,0.0771404218751286,0.7087131092648215
4000,402,entropy-2-mse,0.0155,0.7226224980620596,0.08092223437506618,0.6866889462182065
4000,403,entropy-2-mse,0.01325,0.8740415683356425,0.05196043750015633,0.8644570626252959
4000,404,entropy-2-mse,0.01825,0.5181341116358225,0.12974453125002583,0.45773627262782624
4000,405,entropy-2-mse,0.0145,0.7944617391511757,0.07428071875006026,0.7257317490788744
4000,406,entropy-2-mse,0.0215,0.31359125670612564,0.28954378125013136,0.14471384888123628
4000,407,entropy-2-mse,0.0175,0.5727136982379695,0.10372896875014703,0.5670170586885281
4000,408,entropy-2-mse,0.0125,0.913528996183277,0.06356553125010578,0.791720905096922
4000,409,entropy-2-mse,0.0215,0.31359125670612564,0.2002578593751423,0.2670076972914682
4000,410,entropy-2-mse,0.0185,0.5004112415345264,0.17462895312519322,0.3225782108099393
4000,411,entropy-2-mse,0.01625,0.666478356208385,0.13590878125000927,0.43559970042388074
4000,412,entropy-2-mse,0.02625,0.12703021468908796,0.45117815625008006,0.0531159242206134
4000,413,entropy-2-mse,0.0145,0.7944617391511757,0.09176785937506793,0.6268872075197324
4000,414,entropy-2-mse,0.01325,0.8740415683356425,0.06161829687516729,0.8039607652396663
4000,415,entropy-2-mse,0.017,0.6099808127636722,0.14746384375007437,0.3974657484928874
4000,416,entropy-2-mse,0.02075,0.35532495055400326,0.17208181249998233,0.32882941749430394
4000,417,entropy-2-mse,0.0355,0.012929005924049365,0.7521821406251092,0.009526893319406038
4000,418,entropy-2-mse,0.01525,0.741020224678118,0.06611121875016579,0.7757959788372526
4000,419,entropy-2-mse,0.02275,0.25182308796142594,0.17553940624998177,0.3203786205354072
4000,420,entropy-2-mse,0.01425,0.8114898990700368,0.053144781250011874,0.8571353156931296
4000,421,entropy-2-mse,0.02125,0.3271132241358086,0.133240937499977,0.445019510109008
4000,422,entropy-2-mse,0.02825,0.08215090924309786,0.2479785312500553,0.19100219766637172
4000,423,entropy-2-mse,0.01125,0.9619541441337661,0.03555792187512452,0.954683713208128
4000,424,entropy-2-mse,0.018,0.5361098992661512,0.1412130937501388,0.41757158280868956
4000,425,entropy-2-mse,0.01875,0.4829645070084936,0.19260640624997905,0.2823023768224846
4000,426,entropy-2-mse,0.0255,0.14834467403802132,0.31692082812514855,0.12121898941813558
4000,427,entropy-2-mse,0.021,0.34102512497981285,0.17197245312513587,0.32910106588181
4000,428,entropy-2-mse,0.02175,0.3004600423333467,0.21181607812513903,0.24573539172442582
4000,429,entropy-2-mse,0.0225,0.2634033971674249,0.15514564062505087,0.3743331454161013
4000,430,entropy-2-mse,0.0235,0.2193466228114725,0.16119107812505717,0.35726533763159896
4000,431,entropy-2-mse,0.01325,0.8740415683356425,0.04625825000016448,0.8987472912453341
4000,432,entropy-2-mse,0.01225,0.9250233656548017,0.05210685937504422,0.8635546134015492
4000,433,entropy-2-mse,0.0235,0.2193466228114725,0.21126781250018212,0.24669781253749334
4000,434,entropy-2-mse,0.01425,0.8114898990700368,0.05986115625000821,0.8150279494479555
4000,435,entropy-2-mse,0.019,0.4658145388594836,0.14378775000000132,0.409144952911054
4000,436,entropy-2-mse,0.015,0.7591657583125982,0.09694257812498108,0.6001989499566625
4000,437,entropy-2-mse,0.0335,0.02245745081753357,0.41112090625006203,0.067537196470002
4000,438,entropy-2-mse,0.0155,0.7226224980620596,0.07911871875012366,0.6971209359454422
4000,439,entropy-2-mse,0.0105,0.9801870613022478,0.03696503125001982,0.9482572426054686
4000,440,entropy-2-mse,0.0255,0.14834467403802132,0.4127314218751508,0.06688263290325258
4000,441,entropy-2-mse,0.015,0.7591657583125982,0.0715531718751663,0.7422298753719474
4000,442,entropy-2-mse,0.0155,0.7226224980620596,0.053839828125092026,0.8528170767976793
4000,443,entropy-2-mse,0.01875,0.4829645070084936,0.12092634375017042,0.4917754862756414
4000,444,entropy-2-mse,0.01175,0.9453232898802945,0.052856468750178465,0.8589221725871043
4000,445,entropy-2-mse,0.02725,0.10256756915209451,0.4092348281251361,0.06831254426821065
4000,446,entropy-2-mse,0.02675,0.11426074389921974,0.36650381250001374,0.08873456436003768
4000,447,entropy-2-mse,0.02825,0.08215090924309786,0.4550605468750746,0.051904531667805065
4000,448,entropy-2-mse,0.028,0.08690390956610039,0.5238907500001915,0.034658863328083656
4000,449,entropy-2-mse,0.0165,0.6476216673200987,0.0794532031250128,0.6951762409429206
4000,450,entropy-2-mse,0.0135,0.8593571080288191,0.0615087187500194,0.80465052800062
4000,451,entropy-2-mse,0.0155,0.7226224980620596,0.048151656250183805,0.8875793016559438
4000,452,entropy-2-mse,0.02625,0.12703021468908796,0.20814101562518772,0.2522729138192408
4000,453,entropy-2-mse,0.02475,0.17244323302142237,0.26661715625004945,0.16841324181604167
4000,454,entropy-2-mse,0.01625,0.666478356208385,0.15370078125010878,0.37855728287747814
4000,455,entropy-2-mse,0.01775,0.5543126773045001,0.09988040625012218,0.5855828550061115
4000,456,entropy-2-mse,0.021,0.34102512497981285,0.13454820312517768,0.44037357141334343
4000,457,entropy-2-mse,0.02475,0.17244323302142237,0.22658993750019363,0.22139921796272943
4000,458,entropy-2-mse,0.01475,0.776999830456084,0.08055143750016214,0.6888228963230372
4000,459,entropy-2-mse,0.02025,0.38507373873808537,0.12050953125003616,0.49345701614105253
4000,460,entropy-2-mse,0.019,0.4658145388594836,0.07140396875001898,0.7431392874502407
4000,461,entropy-2-mse,0.011,0.9689029039633784,0.05477726562503449,0.8469719435449508
4000,462,entropy-2-mse,0.0155,0.7226224980620596,0.06082342187505674,0.8089658078899065
4000,463,entropy-2-mse,0.0255,0.14834467403802132,0.23619287500014252,0.20710042542754858
4000,464,entropy-2-mse,0.01175,0.9453232898802945,0.044705656250016546,0.9076936910590048
4000,465,entropy-2-mse,0.02325,0.2297993508980904,0.2709567031251936,0.16360580607820174
4000,466,entropy-2-mse,0.029,0.06918681099703129,0.26369479687514286,0.17174216780449092
4000,467,entropy-2-mse,0.01925,0.44897950977802004,0.18314645312511857,0.3026897097691785
4000,468,entropy-2-mse,0.01375,0.8439982063196315,0.09616793750001307,0.6041173864819127
4000,469,entropy-2-mse,0.02175,0.3004600423333467,0.12534332812515458,0.47436433806150924
4000,470,entropy-2-mse,0.01125,0.9619541441337661,0.04335182812496896,0.9153127928438788
4000,471,entropy-2-mse,0.0175,0.5727136982379695,0.1268476875000033,0.46860133041972807
4000,472,entropy-2-mse,0.03075,0.04553664658579763,0.39760439062501973,0.07331109301809091
4000,473,entropy-2-mse,0.0255,0.14834467403802132,0.48034037499996884,0.04470092685047866
4000,474,entropy-2-mse,0.0155,0.7226224980620596,0.04047131250013081,0.9308531003483917
4000,475,entropy-2-mse,0.0335,0.02245745081753357,0.6296899999999823,0.018910690459982837
4000,476,entropy-2-mse,0.02225,0.2753678172980699,0.15688779687502574,0.3693153600321708
4000,477,entropy-2-mse,0.02825,0.08215090924309786,0.3887811562501611,0.07736688983231021
4000,478,entropy-2-mse,0.01975,0.41631547343708764,0.15997410937507084,0.36062423886436956
4000,479,entropy-2-mse,0.009,0.9969383580425503,0.030926265625112137,0.973129774405672
4000,480,entropy-2-mse,0.03125,0.04022532743860137,0.5869847812500666,0.024105634284931066
4000,481,entropy-2-mse,0.0165,0.6476216673200987,0.08473357812499671,0.6650890824971958
4000,482,entropy-2-mse,0.02075,0.35532495055400326,0.141612765625041,0.41624988315340117
4000,483,entropy-2-mse,0.0245,0.18113086517407834,0.28570617187506286,0.14840141772692417
4000,484,entropy-2-mse,0.0125,0.913528996183277,0.05344162500000493,0.855292827956261
4000,485,entropy-2-mse,0.0215,0.31359125670612564,0.1646123437501501,0.3480231027571593
4000,486,entropy-2-mse,0.03125,0.04022532743860137,0.4506696718751755,0.05327679966067933
4000,487,entropy-2-mse,0.021,0.34102512497981285,0.22278114062510213,0.22738983858089912
4000,488,entropy-2-mse,0.02475,0.17244323302142237,0.2418128125000294,0.1992344639966429
4000,489,entropy-2-mse,0.02525,0.15605771948735336,0.4615327968751899,0.04994994258708574
4000,490,entropy-2-mse,0.01275,0.901174517161538,0.04741321875007998,0.891965456666189
4000,491,entropy-2-mse,0.01375,0.8439982063196315,0.07581603125004222,0.7165575199577785
4000,492,entropy-2-mse,0.01775,0.5543126773045001,0.10140510937503677,0.5781491169291351
4000,493,entropy-2-mse,0.0165,0.6476216673200987,0.11917184375010947,0.4988992958441745
4000,494,entropy-2-mse,0.01325,0.8740415683356425,0.057236468750033964,0.8315539956452888
4000,495,entropy-2-mse,0.01725,0.5912812970766771,0.11556881249998696,0.5139100238387114
4000,496,entropy-2-mse,0.01375,0.8439982063196315,0.06790631250009938,0.7646411397415787
4000,497,entropy-2-mse,0.0125,0.913528996183277,0.042979781250096494,0.9173738000294246
4000,498,entropy-2-mse,0.02775,0.09188571784223576,0.2716489687500143,0.1628535520232015
4000,499,entropy-2-mse,0.0095,0.993666304754471,0.028741984375074026,0.9802025331222718
