scorer,contaminant,n,fraction,n_contaminating,repeats,im_size,detect,detect_lo,detect_hi,KS_mean
entropy-2-mse,uniform,100,0.0,0,500,256,0.048,0.03246497509125218,0.07042768006068446,0.11660000000000002
entropy-2-mse,uniform,100,0.005,0,500,256,0.018,0.009498085051756854,0.03385204721203399,0.11748000000000001
entropy-2-mse,uniform,100,0.01,1,500,256,0.046,0.030844883399787512,0.06807827022627275,0.11992000000000001
entropy-2-mse,uniform,100,0.02,2,500,256,0.014,0.006797703071787358,0.02861342614025071,0.11492000000000002
entropy-2-mse,uniform,100,0.05,5,500,256,0.038,0.024459922123289107,0.0585852253992656,0.12026
entropy-2-mse,uniform,100,0.1,10,500,256,0.028,0.01675081930862122,0.04644682058455155,0.12142000000000001
entropy-2-mse,uniform,100,0.2,20,500,256,0.09,0.0679421955899675,0.11830999160537325,0.13894
entropy-2-mse,uniform,100,0.5,50,500,256,0.624,0.5807483730601202,0.6653607215442159,0.20884
entropy-2-mse,uniform,100,1.0,100,500,256,1.0,0.9923753814690964,0.9999999999999999,0.34356000000000003
entropy-2-mse,uniform,250,0.0,0,500,256,0.046,0.030844883399787512,0.06807827022627275,0.07588
entropy-2-mse,uniform,250,0.005,1,500,256,0.066,0.04737823802541255,0.09123993085941157,0.07666400000000001
entropy-2-mse,uniform,250,0.01,2,500,256,0.042,0.027632099334746148,0.06335205123956134,0.075808
entropy-2-mse,uniform,250,0.02,5,500,256,0.054,0.03737409848513375,0.07742706124443205,0.07602400000000001
entropy-2-mse,uniform,250,0.05,12,500,256,0.056,0.03902536261505807,0.07974529864038413,0.076824
entropy-2-mse,uniform,250,0.1,25,500,256,0.104,0.08019382152134363,0.13384487635513181,0.08764
entropy-2-mse,uniform,250,0.2,50,500,256,0.262,0.22537563309481617,0.30225368532589386,0.10537600000000001
entropy-2-mse,uniform,250,0.5,125,500,256,1.0,0.9923753814690964,0.9999999999999999,0.184688
entropy-2-mse,uniform,250,1.0,250,500,256,1.0,0.9923753814690964,0.9999999999999999,0.3242
entropy-2-mse,uniform,500,0.0,0,500,256,0.054,0.03737409848513375,0.07742706124443205,0.052972000000000005
entropy-2-mse,uniform,500,0.005,2,500,256,0.042,0.027632099334746148,0.06335205123956134,0.053416000000000005
entropy-2-mse,uniform,500,0.01,5,500,256,0.042,0.027632099334746148,0.06335205123956134,0.05306400000000001
entropy-2-mse,uniform,500,0.02,10,500,256,0.058,0.040683464783922846,0.08205669799739573,0.05486800000000001
entropy-2-mse,uniform,500,0.05,25,500,256,0.064,0.045695733565557124,0.08895293379339062,0.056524
entropy-2-mse,uniform,500,0.1,50,500,256,0.176,0.14512588004549448,0.21181487276253086,0.06695599999999999
entropy-2-mse,uniform,500,0.2,100,500,256,0.568,0.5242245356147506,0.6107385162650465,0.08980800000000001
entropy-2-mse,uniform,500,0.5,250,500,256,1.0,0.9923753814690964,0.9999999999999999,0.170808
entropy-2-mse,uniform,500,1.0,500,500,256,1.0,0.9923753814690964,0.9999999999999999,0.315836
entropy-2-mse,uniform,1000,0.0,0,500,256,0.038,0.024459922123289107,0.0585852253992656,0.037462
entropy-2-mse,uniform,1000,0.005,5,500,256,0.054,0.03737409848513375,0.07742706124443205,0.03816800000000001
entropy-2-mse,uniform,1000,0.01,10,500,256,0.05,0.03409350665098192,0.07276865002683111,0.038966
entropy-2-mse,uniform,1000,0.02,20,500,256,0.056,0.03902536261505807,0.07974529864038413,0.03937800000000001
entropy-2-mse,uniform,1000,0.05,50,500,256,0.092,0.0696823665014548,0.12053932221976234,0.043096
entropy-2-mse,uniform,1000,0.1,100,500,256,0.324,0.2844545847826361,0.3662292809402419,0.054424
entropy-2-mse,uniform,1000,0.2,200,500,256,0.94,0.9156384216937552,0.9576519139990498,0.079442
entropy-2-mse,uniform,1000,0.5,500,500,256,1.0,0.9923753814690964,0.9999999999999999,0.163894
entropy-2-mse,uniform,1000,1.0,1000,500,256,1.0,0.9923753814690964,0.9999999999999999,0.31249
entropy-2-mse,uniform,2000,0.0,0,500,256,0.06,0.042348086000950205,0.08436157830624476,0.028048000000000003
entropy-2-mse,uniform,2000,0.005,10,500,256,0.06,0.042348086000950205,0.08436157830624476,0.027531000000000003
entropy-2-mse,uniform,2000,0.01,20,500,256,0.06,0.042348086000950205,0.08436157830624476,0.027370000000000005
entropy-2-mse,uniform,2000,0.02,40,500,256,0.068,0.04906621332682857,0.09352145708387197,0.028186
entropy-2-mse,uniform,2000,0.05,100,500,256,0.202,0.16914066023346225,0.2394036124109562,0.034245
entropy-2-mse,uniform,2000,0.1,200,500,256,0.574,0.5302533678298271,0.616618188627599,0.045134
entropy-2-mse,uniform,2000,0.2,400,500,256,1.0,0.9923753814690964,0.9999999999999999,0.07216299999999999
entropy-2-mse,uniform,2000,0.5,1000,500,256,1.0,0.9923753814690964,0.9999999999999999,0.157273
entropy-2-mse,uniform,2000,1.0,2000,500,256,1.0,0.9923753814690964,0.9999999999999999,0.30899
entropy-2-mse,uniform,4000,0.0,0,500,256,0.058,0.040683464783922846,0.08205669799739573,0.019283499999999995
entropy-2-mse,uniform,4000,0.005,20,500,256,0.076,0.05586871073410857,0.10259696578009747,0.0198465
entropy-2-mse,uniform,4000,0.01,40,500,256,0.058,0.040683464783922846,0.08205669799739573,0.020307500000000003
entropy-2-mse,uniform,4000,0.02,80,500,256,0.074,0.05416087387750307,0.10033530111082659,0.021180499999999998
entropy-2-mse,uniform,4000,0.05,200,500,256,0.312,0.27295226189727373,0.3539145946703459,0.027789
entropy-2-mse,uniform,4000,0.1,400,500,256,0.95,0.9272313499731688,0.965906493349018,0.0396645
entropy-2-mse,uniform,4000,0.2,800,500,256,1.0,0.9923753814690964,0.9999999999999999,0.06684749999999999
entropy-2-mse,uniform,4000,0.5,2000,500,256,1.0,0.9923753814690964,0.9999999999999999,0.15486399999999997
entropy-2-mse,uniform,4000,1.0,4000,500,256,1.0,0.9923753814690964,0.9999999999999999,0.30853099999999994
entropy-2-mse,dtd,100,0.0,0,500,256,0.034,0.02133433944461342,0.053771805026188516,0.11716000000000001
entropy-2-mse,dtd,100,0.005,0,500,256,0.044,0.029233737680341678,0.06571991441984218,0.11684000000000001
entropy-2-mse,dtd,100,0.01,1,500,256,0.05,0.03409350665098192,0.07276865002683111,0.11996000000000001
entropy-2-mse,dtd,100,0.02,2,500,256,0.036,0.022890872735181415,0.05618477326149691,0.11726000000000002
entropy-2-mse,dtd,100,0.05,5,500,256,0.042,0.027632099334746148,0.06335205123956134,0.11778
entropy-2-mse,dtd,100,0.1,10,500,256,0.048,0.03246497509125218,0.07042768006068446,0.11854000000000002
entropy-2-mse,dtd,100,0.2,20,500,256,0.026,0.0152562373229252,0.04397190104437119,0.11886
entropy-2-mse,dtd,100,0.5,50,500,256,0.04,0.026040593951356387,0.06097405509707471,0.11852000000000001
entropy-2-mse,dtd,100,1.0,100,500,256,0.036,0.022890872735181415,0.05618477326149691,0.12062
entropy-2-mse,dtd,250,0.0,0,500,256,0.034,0.02133433944461342,0.053771805026188516,0.072896
entropy-2-mse,dtd,250,0.005,1,500,256,0.042,0.027632099334746148,0.06335205123956134,0.07628
entropy-2-mse,dtd,250,0.01,2,500,256,0.03,0.018263049234083534,0.04890409218496562,0.07437600000000001
entropy-2-mse,dtd,250,0.02,5,500,256,0.04,0.026040593951356387,0.06097405509707471,0.076184
entropy-2-mse,dtd,250,0.05,12,500,256,0.048,0.03246497509125218,0.07042768006068446,0.075512
entropy-2-mse,dtd,250,0.1,25,500,256,0.036,0.022890872735181415,0.05618477326149691,0.07392800000000001
entropy-2-mse,dtd,250,0.2,50,500,256,0.042,0.027632099334746148,0.06335205123956134,0.074536
entropy-2-mse,dtd,250,0.5,125,500,256,0.054,0.03737409848513375,0.07742706124443205,0.078616
entropy-2-mse,dtd,250,1.0,250,500,256,0.064,0.045695733565557124,0.08895293379339062,0.08242400000000001
entropy-2-mse,dtd,500,0.0,0,500,256,0.04,0.026040593951356387,0.06097405509707471,0.052972000000000005
entropy-2-mse,dtd,500,0.005,2,500,256,0.042,0.027632099334746148,0.06335205123956134,0.053416000000000005
entropy-2-mse,dtd,500,0.01,5,500,256,0.07,0.05075944317125315,0.09579772876532376,0.05308
entropy-2-mse,dtd,500,0.02,10,500,256,0.044,0.029233737680341678,0.06571991441984218,0.052816
entropy-2-mse,dtd,500,0.05,25,500,256,0.034,0.02133433944461342,0.053771805026188516,0.053028000000000006
entropy-2-mse,dtd,500,0.1,50,500,256,0.06,0.042348086000950205,0.08436157830624476,0.054464000000000005
entropy-2-mse,dtd,500,0.2,100,500,256,0.056,0.03902536261505807,0.07974529864038413,0.05395200000000001
entropy-2-mse,dtd,500,0.5,250,500,256,0.062,0.04401893261361028,0.08666023321946106,0.055964
entropy-2-mse,dtd,500,1.0,500,500,256,0.144,0.11593760751948218,0.177491120874521,0.06597599999999999
entropy-2-mse,dtd,1000,0.0,0,500,256,0.046,0.030844883399787512,0.06807827022627275,0.037826
entropy-2-mse,dtd,1000,0.005,5,500,256,0.066,0.04737823802541255,0.09123993085941157,0.037664
entropy-2-mse,dtd,1000,0.01,10,500,256,0.046,0.030844883399787512,0.06807827022627275,0.038194000000000006
entropy-2-mse,dtd,1000,0.02,20,500,256,0.054,0.03737409848513375,0.07742706124443205,0.03830200000000001
entropy-2-mse,dtd,1000,0.05,50,500,256,0.066,0.04737823802541255,0.09123993085941157,0.038608
entropy-2-mse,dtd,1000,0.1,100,500,256,0.066,0.04737823802541255,0.09123993085941157,0.039004000000000004
entropy-2-mse,dtd,1000,0.2,200,500,256,0.072,0.05245772605354006,0.09806894740891321,0.039618
entropy-2-mse,dtd,1000,0.5,500,500,256,0.096,0.07317313790557156,0.12498755386739835,0.04292800000000001
entropy-2-mse,dtd,1000,1.0,1000,500,256,0.322,0.28253539670832967,0.3641789674886719,0.055212000000000004
entropy-2-mse,dtd,2000,0.0,0,500,256,0.046,0.030844883399787512,0.06807827022627275,0.026802
entropy-2-mse,dtd,2000,0.005,10,500,256,0.05,0.03409350665098192,0.07276865002683111,0.026980000000000004
entropy-2-mse,dtd,2000,0.01,20,500,256,0.062,0.04401893261361028,0.08666023321946106,0.027800000000000005
entropy-2-mse,dtd,2000,0.02,40,500,256,0.068,0.04906621332682857,0.09352145708387197,0.027597
entropy-2-mse,dtd,2000,0.05,100,500,256,0.062,0.04401893261361028,0.08666023321946106,0.027642000000000003
entropy-2-mse,dtd,2000,0.1,200,500,256,0.058,0.040683464783922846,0.08205669799739573,0.02807
entropy-2-mse,dtd,2000,0.2,400,500,256,0.058,0.040683464783922846,0.08205669799739573,0.028875
entropy-2-mse,dtd,2000,0.5,1000,500,256,0.186,0.15433345489426237,0.22245480554314495,0.03431100000000001
entropy-2-mse,dtd,2000,1.0,2000,500,256,0.694,0.6522544304326852,0.7327872175773242,0.047844000000000005
entropy-2-mse,dtd,4000,0.0,0,500,256,0.058,0.040683464783922846,0.08205669799739573,0.019192
entropy-2-mse,dtd,4000,0.005,20,500,256,0.058,0.040683464783922846,0.08205669799739573,0.0194235
entropy-2-mse,dtd,4000,0.01,40,500,256,0.044,0.029233737680341678,0.06571991441984218,0.019289999999999998
entropy-2-mse,dtd,4000,0.02,80,500,256,0.066,0.04737823802541255,0.09123993085941157,0.019959499999999998
entropy-2-mse,dtd,4000,0.05,200,500,256,0.054,0.03737409848513375,0.07742706124443205,0.019559
entropy-2-mse,dtd,4000,0.1,400,500,256,0.086,0.06447280005130328,0.11384038409228468,0.0200095
entropy-2-mse,dtd,4000,0.2,800,500,256,0.112,0.0872623972834597,0.14265430669652132,0.021764
entropy-2-mse,dtd,4000,0.5,2000,500,256,0.314,0.2748671671994545,0.35596919089404155,0.027292
entropy-2-mse,dtd,4000,1.0,4000,500,256,0.996,0.9855339859585811,0.9989023924587627,0.04375749999999999
entropy-2-mse,imagenet64,100,0.0,0,500,256,0.028,0.01675081930862122,0.04644682058455155,0.11604
entropy-2-mse,imagenet64,100,0.005,0,500,256,0.044,0.029233737680341678,0.06571991441984218,0.11818000000000001
entropy-2-mse,imagenet64,100,0.01,1,500,256,0.036,0.022890872735181415,0.05618477326149691,0.11582
entropy-2-mse,imagenet64,100,0.02,2,500,256,0.032,0.01979134135128301,0.05134530159364255,0.1179
entropy-2-mse,imagenet64,100,0.05,5,500,256,0.05,0.03409350665098192,0.07276865002683111,0.11856
entropy-2-mse,imagenet64,100,0.1,10,500,256,0.056,0.03902536261505807,0.07974529864038413,0.11862
entropy-2-mse,imagenet64,100,0.2,20,500,256,0.056,0.03902536261505807,0.07974529864038413,0.12168000000000001
entropy-2-mse,imagenet64,100,0.5,50,500,256,0.098,0.07492354740061163,0.1272066458982347,0.13322000000000003
entropy-2-mse,imagenet64,100,1.0,100,500,256,0.268,0.23105333049086763,0.30848449250747156,0.1661
entropy-2-mse,imagenet64,250,0.0,0,500,256,0.046,0.030844883399787512,0.06807827022627275,0.07498400000000001
entropy-2-mse,imagenet64,250,0.005,1,500,256,0.054,0.03737409848513375,0.07742706124443205,0.07628800000000001
entropy-2-mse,imagenet64,250,0.01,2,500,256,0.032,0.01979134135128301,0.05134530159364255,0.07527200000000002
entropy-2-mse,imagenet64,250,0.02,5,500,256,0.034,0.02133433944461342,0.053771805026188516,0.075232
entropy-2-mse,imagenet64,250,0.05,12,500,256,0.042,0.027632099334746148,0.06335205123956134,0.075184
entropy-2-mse,imagenet64,250,0.1,25,500,256,0.044,0.029233737680341678,0.06571991441984218,0.07602400000000001
entropy-2-mse,imagenet64,250,0.2,50,500,256,0.07,0.05075944317125315,0.09579772876532376,0.080872
entropy-2-mse,imagenet64,250,0.5,125,500,256,0.242,0.20651719550386513,0.28141710765808103,0.10084800000000001
entropy-2-mse,imagenet64,250,1.0,250,500,256,0.692,0.6501972113746908,0.7308749351094421,0.139776
entropy-2-mse,imagenet64,500,0.0,0,500,256,0.072,0.05245772605354006,0.09806894740891321,0.05525200000000001
entropy-2-mse,imagenet64,500,0.005,2,500,256,0.054,0.03737409848513375,0.07742706124443205,0.054040000000000005
entropy-2-mse,imagenet64,500,0.01,5,500,256,0.05,0.03409350665098192,0.07276865002683111,0.054700000000000006
entropy-2-mse,imagenet64,500,0.02,10,500,256,0.062,0.04401893261361028,0.08666023321946106,0.052256
entropy-2-mse,imagenet64,500,0.05,25,500,256,0.046,0.030844883399787512,0.06807827022627275,0.053408000000000004
entropy-2-mse,imagenet64,500,0.1,50,500,256,0.072,0.05245772605354006,0.09806894740891321,0.055156000000000004
entropy-2-mse,imagenet64,500,0.2,100,500,256,0.132,0.10511627994905025,0.16449543928969462,0.060531999999999996
entropy-2-mse,imagenet64,500,0.5,250,500,256,0.418,0.37555228526740775,0.4616981521716604,0.08105200000000001
entropy-2-mse,imagenet64,500,1.0,500,500,256,0.938,0.9133397667805389,0.9559810673863897,0.12704
entropy-2-mse,imagenet64,1000,0.0,0,500,256,0.052,0.03573001990962654,0.07510163829406287,0.03762000000000001
entropy-2-mse,imagenet64,1000,0.005,5,500,256,0.036,0.022890872735181415,0.05618477326149691,0.037892
entropy-2-mse,imagenet64,1000,0.01,10,500,256,0.062,0.04401893261361028,0.08666023321946106,0.03859800000000001
entropy-2-mse,imagenet64,1000,0.02,20,500,256,0.068,0.04906621332682857,0.09352145708387197,0.038402
entropy-2-mse,imagenet64,1000,0.05,50,500,256,0.066,0.04737823802541255,0.09123993085941157,0.03975000000000001
entropy-2-mse,imagenet64,1000,0.1,100,500,256,0.09,0.0679421955899675,0.11830999160537325,0.041184
entropy-2-mse,imagenet64,1000,0.2,200,500,256,0.21,0.17657669884786484,0.2478455799000591,0.04746600000000001
entropy-2-mse,imagenet64,1000,0.5,500,500,256,0.742,0.7019052530371696,0.7784044315938733,0.073196
entropy-2-mse,imagenet64,1000,1.0,1000,500,256,1.0,0.9923753814690964,0.9999999999999999,0.116946
entropy-2-mse,imagenet64,2000,0.0,0,500,256,0.054,0.03737409848513375,0.07742706124443205,0.026773
entropy-2-mse,imagenet64,2000,0.005,10,500,256,0.054,0.03737409848513375,0.07742706124443205,0.027499000000000003
entropy-2-mse,imagenet64,2000,0.01,20,500,256,0.05,0.03409350665098192,0.07276865002683111,0.026688000000000003
entropy-2-mse,imagenet64,2000,0.02,40,500,256,0.036,0.022890872735181415,0.05618477326149691,0.027606000000000002
entropy-2-mse,imagenet64,2000,0.05,100,500,256,0.094,0.07142604659353205,0.12276514365356148,0.028385
entropy-2-mse,imagenet64,2000,0.1,200,500,256,0.138,0.11051755348949738,0.17100267032687666,0.031441000000000004
entropy-2-mse,imagenet64,2000,0.2,400,500,256,0.356,0.31527383687422356,0.39892205326267655,0.03936799999999999
entropy-2-mse,imagenet64,2000,0.5,1000,500,256,0.97,0.9510959078150344,0.9817369507659165,0.06675700000000001
entropy-2-mse,imagenet64,2000,1.0,2000,500,256,1.0,0.9923753814690964,0.9999999999999999,0.11450300000000001
entropy-2-mse,imagenet64,4000,0.0,0,500,256,0.068,0.04906621332682857,0.09352145708387197,0.019424
entropy-2-mse,imagenet64,4000,0.005,20,500,256,0.054,0.03737409848513375,0.07742706124443205,0.0195305
entropy-2-mse,imagenet64,4000,0.01,40,500,256,0.066,0.04737823802541255,0.09123993085941157,0.0199085
entropy-2-mse,imagenet64,4000,0.02,80,500,256,0.072,0.05245772605354006,0.09806894740891321,0.0200895
entropy-2-mse,imagenet64,4000,0.05,200,500,256,0.13,0.10332021037816715,0.16232200733470134,0.021808
entropy-2-mse,imagenet64,4000,0.1,400,500,256,0.242,0.20651719550386513,0.28141710765808103,0.0252935
entropy-2-mse,imagenet64,4000,0.2,800,500,256,0.6,0.5564533144716549,0.6420217618221643,0.033742
entropy-2-mse,imagenet64,4000,0.5,2000,500,256,1.0,0.9923753814690964,0.9999999999999999,0.0621975
entropy-2-mse,imagenet64,4000,1.0,4000,500,256,1.0,0.9923753814690964,0.9999999999999999,0.1115715
entropy-2-mse,cifar100,100,0.0,0,500,256,0.036,0.022890872735181415,0.05618477326149691,0.11532
entropy-2-mse,cifar100,100,0.005,0,500,256,0.038,0.024459922123289107,0.0585852253992656,0.12006000000000001
entropy-2-mse,cifar100,100,0.01,1,500,256,0.028,0.01675081930862122,0.04644682058455155,0.11544000000000003
entropy-2-mse,cifar100,100,0.02,2,500,256,0.038,0.024459922123289107,0.0585852253992656,0.11732
entropy-2-mse,cifar100,100,0.05,5,500,256,0.038,0.024459922123289107,0.0585852253992656,0.11898
entropy-2-mse,cifar100,100,0.1,10,500,256,0.032,0.01979134135128301,0.05134530159364255,0.11508000000000002
entropy-2-mse,cifar100,100,0.2,20,500,256,0.03,0.018263049234083534,0.04890409218496562,0.11438000000000001
entropy-2-mse,cifar100,100,0.5,50,500,256,0.03,0.018263049234083534,0.04890409218496562,0.11738000000000001
entropy-2-mse,cifar100,100,1.0,100,500,256,0.062,0.04401893261361028,0.08666023321946106,0.12384
entropy-2-mse,cifar100,250,0.0,0,500,256,0.04,0.026040593951356387,0.06097405509707471,0.07492000000000001
entropy-2-mse,cifar100,250,0.005,1,500,256,0.036,0.022890872735181415,0.05618477326149691,0.07477600000000001
entropy-2-mse,cifar100,250,0.01,2,500,256,0.048,0.03246497509125218,0.07042768006068446,0.073736
entropy-2-mse,cifar100,250,0.02,5,500,256,0.042,0.027632099334746148,0.06335205123956134,0.076048
entropy-2-mse,cifar100,250,0.05,12,500,256,0.038,0.024459922123289107,0.0585852253992656,0.074752
entropy-2-mse,cifar100,250,0.1,25,500,256,0.042,0.027632099334746148,0.06335205123956134,0.076768
entropy-2-mse,cifar100,250,0.2,50,500,256,0.056,0.03902536261505807,0.07974529864038413,0.07641600000000001
entropy-2-mse,cifar100,250,0.5,125,500,256,0.056,0.03902536261505807,0.07974529864038413,0.078104
entropy-2-mse,cifar100,250,1.0,250,500,256,0.09,0.0679421955899675,0.11830999160537325,0.08288
entropy-2-mse,cifar100,500,0.0,0,500,256,0.026,0.0152562373229252,0.04397190104437119,0.05216000000000001
entropy-2-mse,cifar100,500,0.005,2,500,256,0.038,0.024459922123289107,0.0585852253992656,0.05269200000000001
entropy-2-mse,cifar100,500,0.01,5,500,256,0.04,0.026040593951356387,0.06097405509707471,0.05292800000000001
entropy-2-mse,cifar100,500,0.02,10,500,256,0.048,0.03246497509125218,0.07042768006068446,0.05256400000000001
entropy-2-mse,cifar100,500,0.05,25,500,256,0.038,0.024459922123289107,0.0585852253992656,0.053416
entropy-2-mse,cifar100,500,0.1,50,500,256,0.046,0.030844883399787512,0.06807827022627275,0.052596000000000004
entropy-2-mse,cifar100,500,0.2,100,500,256,0.038,0.024459922123289107,0.0585852253992656,0.052564
entropy-2-mse,cifar100,500,0.5,250,500,256,0.062,0.04401893261361028,0.08666023321946106,0.056156000000000005
entropy-2-mse,cifar100,500,1.0,500,500,256,0.192,0.15987567270959485,0.22882109230544162,0.06702000000000001
entropy-2-mse,cifar100,1000,0.0,0,500,256,0.05,0.03409350665098192,0.07276865002683111,0.03785600000000001
entropy-2-mse,cifar100,1000,0.005,5,500,256,0.056,0.03902536261505807,0.07974529864038413,0.038950000000000005
entropy-2-mse,cifar100,1000,0.01,10,500,256,0.048,0.03246497509125218,0.07042768006068446,0.038200000000000005
entropy-2-mse,cifar100,1000,0.02,20,500,256,0.046,0.030844883399787512,0.06807827022627275,0.038292
entropy-2-mse,cifar100,1000,0.05,50,500,256,0.038,0.024459922123289107,0.0585852253992656,0.037402
entropy-2-mse,cifar100,1000,0.1,100,500,256,0.026,0.0152562373229252,0.04397190104437119,0.03759400000000001
entropy-2-mse,cifar100,1000,0.2,200,500,256,0.044,0.029233737680341678,0.06571991441984218,0.03765400000000001
entropy-2-mse,cifar100,1000,0.5,500,500,256,0.07,0.05075944317125315,0.09579772876532376,0.041042
entropy-2-mse,cifar100,1000,1.0,1000,500,256,0.338,0.2979123151908617,0.38055806121315106,0.05431600000000001
entropy-2-mse,cifar100,2000,0.0,0,500,256,0.038,0.024459922123289107,0.0585852253992656,0.026488000000000005
entropy-2-mse,cifar100,2000,0.005,10,500,256,0.062,0.04401893261361028,0.08666023321946106,0.026951
entropy-2-mse,cifar100,2000,0.01,20,500,256,0.04,0.026040593951356387,0.06097405509707471,0.026518
entropy-2-mse,cifar100,2000,0.02,40,500,256,0.058,0.040683464783922846,0.08205669799739573,0.027414
entropy-2-mse,cifar100,2000,0.05,100,500,256,0.05,0.03409350665098192,0.07276865002683111,0.026422000000000005
entropy-2-mse,cifar100,2000,0.1,200,500,256,0.034,0.02133433944461342,0.053771805026188516,0.026163
entropy-2-mse,cifar100,2000,0.2,400,500,256,0.026,0.0152562373229252,0.04397190104437119,0.026106999999999998
entropy-2-mse,cifar100,2000,0.5,1000,500,256,0.156,0.12683030337229503,0.19041543417696646,0.03208500000000001
entropy-2-mse,cifar100,2000,1.0,2000,500,256,0.698,0.6563715243917267,0.7366091266700354,0.048820999999999996
entropy-2-mse,cifar100,4000,0.0,0,500,256,0.038,0.024459922123289107,0.0585852253992656,0.018837500000000004
entropy-2-mse,cifar100,4000,0.005,20,500,256,0.048,0.03246497509125218,0.07042768006068446,0.018701
entropy-2-mse,cifar100,4000,0.01,40,500,256,0.032,0.01979134135128301,0.05134530159364255,0.019107500000000003
entropy-2-mse,cifar100,4000,0.02,80,500,256,0.044,0.029233737680341678,0.06571991441984218,0.019458
entropy-2-mse,cifar100,4000,0.05,200,500,256,0.048,0.03246497509125218,0.07042768006068446,0.0192615
entropy-2-mse,cifar100,4000,0.1,400,500,256,0.04,0.026040593951356387,0.06097405509707471,0.018330000000000003
entropy-2-mse,cifar100,4000,0.2,800,500,256,0.024,0.013781177149521824,0.04147745969189818,0.018372
entropy-2-mse,cifar100,4000,0.5,2000,500,256,0.296,0.2576647234385832,0.33744612092202536,0.0265025
entropy-2-mse,cifar100,4000,1.0,4000,500,256,0.966,0.9462281949738114,0.9786656605553865,0.04408
jpeg_bytes,uniform,100,0.0,0,500,256,0.044,0.029233737680341678,0.06571991441984218,0.11742000000000001
jpeg_bytes,uniform,100,0.005,0,500,256,0.046,0.030844883399787512,0.06807827022627275,0.11936000000000001
jpeg_bytes,uniform,100,0.01,1,500,256,0.04,0.026040593951356387,0.06097405509707471,0.11912
jpeg_bytes,uniform,100,0.02,2,500,256,0.04,0.026040593951356387,0.06097405509707471,0.11818000000000001
jpeg_bytes,uniform,100,0.05,5,500,256,0.072,0.05245772605354006,0.09806894740891321,0.12526
jpeg_bytes,uniform,100,0.1,10,500,256,0.114,0.08903649378821105,0.14484971171764635,0.14732
jpeg_bytes,uniform,100,0.2,20,500,256,1.0,0.9923753814690964,0.9999999999999999,0.2277
jpeg_bytes,uniform,100,0.5,50,500,256,1.0,0.9923753814690964,0.9999999999999999,0.5092199999999999
jpeg_bytes,uniform,100,1.0,100,500,256,1.0,0.9923753814690964,0.9999999999999999,1.0
jpeg_bytes,uniform,250,0.0,0,500,256,0.066,0.04737823802541255,0.09123993085941157,0.076584
jpeg_bytes,uniform,250,0.005,1,500,256,0.034,0.02133433944461342,0.053771805026188516,0.07560800000000001
jpeg_bytes,uniform,250,0.01,2,500,256,0.042,0.027632099334746148,0.06335205123956134,0.074128
jpeg_bytes,uniform,250,0.02,5,500,256,0.048,0.03246497509125218,0.07042768006068446,0.077656
jpeg_bytes,uniform,250,0.05,12,500,256,0.098,0.07492354740061163,0.1272066458982347,0.086928
jpeg_bytes,uniform,250,0.1,25,500,256,0.442,0.39907517838464235,0.4858092773649425,0.12332000000000003
jpeg_bytes,uniform,250,0.2,50,500,256,1.0,0.9923753814690964,0.9999999999999999,0.21277600000000008
jpeg_bytes,uniform,250,0.5,125,500,256,1.0,0.9923753814690964,0.9999999999999999,0.503232
jpeg_bytes,uniform,250,1.0,250,500,256,1.0,0.9923753814690964,0.9999999999999999,1.0
jpeg_bytes,uniform,500,0.0,0,500,256,0.048,0.03246497509125218,0.07042768006068446,0.054040000000000005
jpeg_bytes,uniform,500,0.005,2,500,256,0.046,0.030844883399787512,0.06807827022627275,0.05434400000000001
jpeg_bytes,uniform,500,0.01,5,500,256,0.062,0.04401893261361028,0.08666023321946106,0.054544
jpeg_bytes,uniform,500,0.02,10,500,256,0.09,0.0679421955899675,0.11830999160537325,0.05750800000000001
jpeg_bytes,uniform,500,0.05,25,500,256,0.234,0.19900409539602293,0.27305220166241767,0.07193200000000001
jpeg_bytes,uniform,500,0.1,50,500,256,1.0,0.9923753814690964,0.9999999999999999,0.11243200000000002
jpeg_bytes,uniform,500,0.2,100,500,256,1.0,0.9923753814690964,0.9999999999999999,0.205964
jpeg_bytes,uniform,500,0.5,250,500,256,1.0,0.9923753814690964,0.9999999999999999,0.501736
jpeg_bytes,uniform,500,1.0,500,500,256,1.0,0.9923753814690964,0.9999999999999999,1.0
jpeg_bytes,uniform,1000,0.0,0,500,256,0.044,0.029233737680341678,0.06571991441984218,0.037898
jpeg_bytes,uniform,1000,0.005,5,500,256,0.064,0.045695733565557124,0.08895293379339062,0.038786
jpeg_bytes,uniform,1000,0.01,10,500,256,0.06,0.042348086000950205,0.08436157830624476,0.039032000000000004
jpeg_bytes,uniform,1000,0.02,20,500,256,0.088,0.06620563711739778,0.11607704855206659,0.0416
jpeg_bytes,uniform,1000,0.05,50,500,256,0.414,0.37164184827781455,0.4576695861095008,0.061136
jpeg_bytes,uniform,1000,0.1,100,500,256,1.0,0.9923753814690964,0.9999999999999999,0.10655800000000001
jpeg_bytes,uniform,1000,0.2,200,500,256,1.0,0.9923753814690964,0.9999999999999999,0.20287600000000003
jpeg_bytes,uniform,1000,0.5,500,500,256,1.0,0.9923753814690964,0.9999999999999999,0.500826
jpeg_bytes,uniform,1000,1.0,1000,500,256,1.0,0.9923753814690964,0.9999999999999999,1.0
jpeg_bytes,uniform,2000,0.0,0,500,256,0.046,0.030844883399787512,0.06807827022627275,0.027288
jpeg_bytes,uniform,2000,0.005,10,500,256,0.054,0.03737409848513375,0.07742706124443205,0.027435
jpeg_bytes,uniform,2000,0.01,20,500,256,0.08,0.05929780247392154,0.1071068770920373,0.028423
jpeg_bytes,uniform,2000,0.02,40,500,256,0.148,0.11956093151848089,0.18180679992727505,0.033146999999999996
jpeg_bytes,uniform,2000,0.05,100,500,256,1.0,0.9923753814690964,0.9999999999999999,0.056060000000000006
jpeg_bytes,uniform,2000,0.1,200,500,256,1.0,0.9923753814690964,0.9999999999999999,0.102608
jpeg_bytes,uniform,2000,0.2,400,500,256,1.0,0.9923753814690964,0.9999999999999999,0.201317
jpeg_bytes,uniform,2000,0.5,1000,500,256,1.0,0.9923753814690964,0.9999999999999999,0.5005139999999999
jpeg_bytes,uniform,2000,1.0,2000,500,256,1.0,0.9923753814690964,0.9999999999999999,1.0
jpeg_bytes,uniform,4000,0.0,0,500,256,0.032,0.01979134135128301,0.05134530159364255,0.018914999999999998
jpeg_bytes,uniform,4000,0.005,20,500,256,0.038,0.024459922123289107,0.0585852253992656,0.01909
jpeg_bytes,uniform,4000,0.01,40,500,256,0.112,0.0872623972834597,0.14265430669652132,0.0210845
jpeg_bytes,uniform,4000,0.02,80,500,256,0.24,0.20463724941868827,0.2793275522173815,0.026929
jpeg_bytes,uniform,4000,0.05,200,500,256,1.0,0.9923753814690964,0.9999999999999999,0.052522000000000006
jpeg_bytes,uniform,4000,0.1,400,500,256,1.0,0.9923753814690964,0.9999999999999999,0.1011515
jpeg_bytes,uniform,4000,0.2,800,500,256,1.0,0.9923753814690964,0.9999999999999999,0.20071950000000005
jpeg_bytes,uniform,4000,0.5,2000,500,256,1.0,0.9923753814690964,0.9999999999999999,0.5002925
jpeg_bytes,uniform,4000,1.0,4000,500,256,1.0,0.9923753814690964,0.9999999999999999,1.0
jpeg_bytes,dtd,100,0.0,0,500,256,0.038,0.024459922123289107,0.0585852253992656,0.11726
jpeg_bytes,dtd,100,0.005,0,500,256,0.042,0.027632099334746148,0.06335205123956134,0.11696000000000001
jpeg_bytes,dtd,100,0.01,1,500,256,0.038,0.024459922123289107,0.0585852253992656,0.11500000000000002
jpeg_bytes,dtd,100,0.02,2,500,256,0.018,0.009498085051756854,0.03385204721203399,0.11900000000000001
jpeg_bytes,dtd,100,0.05,5,500,256,0.052,0.03573001990962654,0.07510163829406287,0.12422000000000001
jpeg_bytes,dtd,100,0.1,10,500,256,0.154,0.12501019573842537,0.18826604028495975,0.15012
jpeg_bytes,dtd,100,0.2,20,500,256,0.888,0.8573456933034787,0.9127376027165404,0.22542
jpeg_bytes,dtd,100,0.5,50,500,256,1.0,0.9923753814690964,0.9999999999999999,0.49162
jpeg_bytes,dtd,100,1.0,100,500,256,1.0,0.9923753814690964,0.9999999999999999,0.9632999999999999
jpeg_bytes,dtd,250,0.0,0,500,256,0.038,0.024459922123289107,0.0585852253992656,0.076376
jpeg_bytes,dtd,250,0.005,1,500,256,0.04,0.026040593951356387,0.06097405509707471,0.07424800000000002
jpeg_bytes,dtd,250,0.01,2,500,256,0.046,0.030844883399787512,0.06807827022627275,0.07448
jpeg_bytes,dtd,250,0.02,5,500,256,0.054,0.03737409848513375,0.07742706124443205,0.07727200000000001
jpeg_bytes,dtd,250,0.05,12,500,256,0.094,0.07142604659353205,0.12276514365356148,0.087328
jpeg_bytes,dtd,250,0.1,25,500,256,0.416,0.37359670506840015,0.4596842308447916,0.12215200000000001
jpeg_bytes,dtd,250,0.2,50,500,256,1.0,0.9923753814690964,0.9999999999999999,0.20493600000000003
jpeg_bytes,dtd,250,0.5,125,500,256,1.0,0.9923753814690964,0.9999999999999999,0.485344
jpeg_bytes,dtd,250,1.0,250,500,256,1.0,0.9923753814690964,0.9999999999999999,0.9612639999999999
jpeg_bytes,dtd,500,0.0,0,500,256,0.056,0.03902536261505807,0.07974529864038413,0.054428000000000004
jpeg_bytes,dtd,500,0.005,2,500,256,0.046,0.030844883399787512,0.06807827022627275,0.054096000000000005
jpeg_bytes,dtd,500,0.01,5,500,256,0.052,0.03573001990962654,0.07510163829406287,0.052512
jpeg_bytes,dtd,500,0.02,10,500,256,0.076,0.05586871073410857,0.10259696578009747,0.05738800000000001
jpeg_bytes,dtd,500,0.05,25,500,256,0.172,0.1414536049779883,0.20754814477828426,0.069756
jpeg_bytes,dtd,500,0.1,50,500,256,1.0,0.9923753814690964,0.9999999999999999,0.11090800000000002
jpeg_bytes,dtd,500,0.2,100,500,256,1.0,0.9923753814690964,0.9999999999999999,0.19972
jpeg_bytes,dtd,500,0.5,250,500,256,1.0,0.9923753814690964,0.9999999999999999,0.482576
jpeg_bytes,dtd,500,1.0,500,500,256,1.0,0.9923753814690964,0.9999999999999999,0.9595520000000001
jpeg_bytes,dtd,1000,0.0,0,500,256,0.042,0.027632099334746148,0.06335205123956134,0.038428
jpeg_bytes,dtd,1000,0.005,5,500,256,0.058,0.040683464783922846,0.08205669799739573,0.03935000000000001
jpeg_bytes,dtd,1000,0.01,10,500,256,0.056,0.03902536261505807,0.07974529864038413,0.038892
jpeg_bytes,dtd,1000,0.02,20,500,256,0.084,0.06274379952220428,0.11159988309550732,0.041311999999999995
jpeg_bytes,dtd,1000,0.05,50,500,256,0.396,0.35408095329434175,0.43950496736008615,0.060180000000000004
jpeg_bytes,dtd,1000,0.1,100,500,256,1.0,0.9923753814690964,0.9999999999999999,0.10317799999999999
jpeg_bytes,dtd,1000,0.2,200,500,256,1.0,0.9923753814690964,0.9999999999999999,0.19557
jpeg_bytes,dtd,1000,0.5,500,500,256,1.0,0.9923753814690964,0.9999999999999999,0.480798
jpeg_bytes,dtd,1000,1.0,1000,500,256,1.0,0.9923753814690964,0.9999999999999999,0.957886
jpeg_bytes,dtd,2000,0.0,0,500,256,0.04,0.026040593951356387,0.06097405509707471,0.026555000000000002
jpeg_bytes,dtd,2000,0.005,10,500,256,0.05,0.03409350665098192,0.07276865002683111,0.026882000000000003
jpeg_bytes,dtd,2000,0.01,20,500,256,0.05,0.03409350665098192,0.07276865002683111,0.028074
jpeg_bytes,dtd,2000,0.02,40,500,256,0.124,0.09794566312958619,0.15578805000565316,0.032038
jpeg_bytes,dtd,2000,0.05,100,500,256,1.0,0.9923753814690964,0.9999999999999999,0.05471500000000001
jpeg_bytes,dtd,2000,0.1,200,500,256,1.0,0.9923753814690964,0.9999999999999999,0.09953000000000001
jpeg_bytes,dtd,2000,0.2,400,500,256,1.0,0.9923753814690964,0.9999999999999999,0.19371000000000002
jpeg_bytes,dtd,2000,0.5,1000,500,256,1.0,0.9923753814690964,0.9999999999999999,0.479506
jpeg_bytes,dtd,2000,1.0,2000,500,256,1.0,0.9923753814690964,0.9999999999999999,0.95776
jpeg_bytes,dtd,4000,0.0,0,500,256,0.04,0.026040593951356387,0.06097405509707471,0.018576000000000002
jpeg_bytes,dtd,4000,0.005,20,500,256,0.032,0.01979134135128301,0.05134530159364255,0.018966999999999998
jpeg_bytes,dtd,4000,0.01,40,500,256,0.1,0.07667718662472012,0.1294225082000026,0.020811
jpeg_bytes,dtd,4000,0.02,80,500,256,0.256,0.21970707865540234,0.29601373518767854,0.0264455
jpeg_bytes,dtd,4000,0.05,200,500,256,1.0,0.9923753814690964,0.9999999999999999,0.051057000000000005
jpeg_bytes,dtd,4000,0.1,400,500,256,1.0,0.9923753814690964,0.9999999999999999,0.0971335
jpeg_bytes,dtd,4000,0.2,800,500,256,1.0,0.9923753814690964,0.9999999999999999,0.192435
jpeg_bytes,dtd,4000,0.5,2000,500,256,1.0,0.9923753814690964,0.9999999999999999,0.4789495000000001
jpeg_bytes,dtd,4000,1.0,4000,500,256,1.0,0.9923753814690964,0.9999999999999999,0.9570330000000001
jpeg_bytes,imagenet64,100,0.0,0,500,256,0.042,0.027632099334746148,0.06335205123956134,0.12024000000000001
jpeg_bytes,imagenet64,100,0.005,0,500,256,0.034,0.02133433944461342,0.053771805026188516,0.11718
jpeg_bytes,imagenet64,100,0.01,1,500,256,0.054,0.03737409848513375,0.07742706124443205,0.11930000000000002
jpeg_bytes,imagenet64,100,0.02,2,500,256,0.038,0.024459922123289107,0.0585852253992656,0.11594
jpeg_bytes,imagenet64,100,0.05,5,500,256,0.046,0.030844883399787512,0.06807827022627275,0.12012
jpeg_bytes,imagenet64,100,0.1,10,500,256,0.092,0.0696823665014548,0.12053932221976234,0.13286
jpeg_bytes,imagenet64,100,0.2,20,500,256,0.332,0.2921397376306511,0.3744221341957325,0.18164000000000002
jpeg_bytes,imagenet64,100,0.5,50,500,256,1.0,0.9923753814690964,0.9999999999999999,0.36278
jpeg_bytes,imagenet64,100,1.0,100,500,256,1.0,0.9923753814690964,0.9999999999999999,0.6898
jpeg_bytes,imagenet64,250,0.0,0,500,256,0.026,0.0152562373229252,0.04397190104437119,0.073352
jpeg_bytes,imagenet64,250,0.005,1,500,256,0.04,0.026040593951356387,0.06097405509707471,0.075792
jpeg_bytes,imagenet64,250,0.01,2,500,256,0.048,0.03246497509125218,0.07042768006068446,0.07515200000000001
jpeg_bytes,imagenet64,250,0.02,5,500,256,0.058,0.040683464783922846,0.08205669799739573,0.076136
jpeg_bytes,imagenet64,250,0.05,12,500,256,0.084,0.06274379952220428,0.11159988309550732,0.08278400000000002
jpeg_bytes,imagenet64,250,0.1,25,500,256,0.242,0.20651719550386513,0.28141710765808103,0.10170400000000002
jpeg_bytes,imagenet64,250,0.2,50,500,256,0.954,0.9319217297737272,0.9691551166002124,0.160448
jpeg_bytes,imagenet64,250,0.5,125,500,256,1.0,0.9923753814690964,0.9999999999999999,0.34804799999999997
jpeg_bytes,imagenet64,250,1.0,250,500,256,1.0,0.9923753814690964,0.9999999999999999,0.680016
jpeg_bytes,imagenet64,500,0.0,0,500,256,0.046,0.030844883399787512,0.06807827022627275,0.05352000000000001
jpeg_bytes,imagenet64,500,0.005,2,500,256,0.044,0.029233737680341678,0.06571991441984218,0.053572
jpeg_bytes,imagenet64,500,0.01,5,500,256,0.046,0.030844883399787512,0.06807827022627275,0.053364
jpeg_bytes,imagenet64,500,0.02,10,500,256,0.046,0.030844883399787512,0.06807827022627275,0.05528
jpeg_bytes,imagenet64,500,0.05,25,500,256,0.144,0.11593760751948218,0.177491120874521,0.06394000000000001
jpeg_bytes,imagenet64,500,0.1,50,500,256,0.492,0.44840701227596835,0.5357149816205261,0.087964
jpeg_bytes,imagenet64,500,0.2,100,500,256,1.0,0.9923753814690964,0.9999999999999999,0.147972
jpeg_bytes,imagenet64,500,0.5,250,500,256,1.0,0.9923753814690964,0.9999999999999999,0.341024
jpeg_bytes,imagenet64,500,1.0,500,500,256,1.0,0.9923753814690964,0.9999999999999999,0.67258
jpeg_bytes,imagenet64,1000,0.0,0,500,256,0.048,0.03246497509125218,0.07042768006068446,0.038308
jpeg_bytes,imagenet64,1000,0.005,5,500,256,0.058,0.040683464783922846,0.08205669799739573,0.038950000000000005
jpeg_bytes,imagenet64,1000,0.01,10,500,256,0.054,0.03737409848513375,0.07742706124443205,0.03907000000000001
jpeg_bytes,imagenet64,1000,0.02,20,500,256,0.07,0.05075944317125315,0.09579772876532376,0.040293999999999996
jpeg_bytes,imagenet64,1000,0.05,50,500,256,0.214,0.18030242285453799,0.25205885894513874,0.050102
jpeg_bytes,imagenet64,1000,0.1,100,500,256,0.962,0.9414147746007343,0.9755400778767108,0.07965199999999999
jpeg_bytes,imagenet64,1000,0.2,200,500,256,1.0,0.9923753814690964,0.9999999999999999,0.14023000000000002
jpeg_bytes,imagenet64,1000,0.5,500,500,256,1.0,0.9923753814690964,0.9999999999999999,0.337414
jpeg_bytes,imagenet64,1000,1.0,1000,500,256,1.0,0.9923753814690964,0.9999999999999999,0.6686080000000001
jpeg_bytes,imagenet64,2000,0.0,0,500,256,0.04,0.026040593951356387,0.06097405509707471,0.02688
jpeg_bytes,imagenet64,2000,0.005,10,500,256,0.048,0.03246497509125218,0.07042768006068446,0.026242000000000005
jpeg_bytes,imagenet64,2000,0.01,20,500,256,0.072,0.05245772605354006,0.09806894740891321,0.027649
jpeg_bytes,imagenet64,2000,0.02,40,500,256,0.078,0.057581071819524224,0.10485410622055823,0.029046
jpeg_bytes,imagenet64,2000,0.05,100,500,256,0.478,0.43455017112738104,0.5217853120879786,0.043454
jpeg_bytes,imagenet64,2000,0.1,200,500,256,1.0,0.9923753814690964,0.9999999999999999,0.072895
jpeg_bytes,imagenet64,2000,0.2,400,500,256,1.0,0.9923753814690964,0.9999999999999999,0.13628200000000001
jpeg_bytes,imagenet64,2000,0.5,1000,500,256,1.0,0.9923753814690964,0.9999999999999999,0.33411900000000005
jpeg_bytes,imagenet64,2000,1.0,2000,500,256,1.0,0.9923753814690964,0.9999999999999999,0.6672739999999999
jpeg_bytes,imagenet64,4000,0.0,0,500,256,0.04,0.026040593951356387,0.06097405509707471,0.0191055
jpeg_bytes,imagenet64,4000,0.005,20,500,256,0.042,0.027632099334746148,0.06335205123956134,0.019039
jpeg_bytes,imagenet64,4000,0.01,40,500,256,0.052,0.03573001990962654,0.07510163829406287,0.0194405
jpeg_bytes,imagenet64,4000,0.02,80,500,256,0.138,0.11051755348949738,0.17100267032687666,0.022839500000000002
jpeg_bytes,imagenet64,4000,0.05,200,500,256,0.928,0.9019310525910869,0.9475422739464601,0.038604
jpeg_bytes,imagenet64,4000,0.1,400,500,256,1.0,0.9923753814690964,0.9999999999999999,0.06916000000000001
jpeg_bytes,imagenet64,4000,0.2,800,500,256,1.0,0.9923753814690964,0.9999999999999999,0.133406
jpeg_bytes,imagenet64,4000,0.5,2000,500,256,1.0,0.9923753814690964,0.9999999999999999,0.331959
jpeg_bytes,imagenet64,4000,1.0,4000,500,256,1.0,0.9923753814690964,0.9999999999999999,0.6651415
jpeg_bytes,cifar100,100,0.0,0,500,256,0.046,0.030844883399787512,0.06807827022627275,0.11672000000000002
jpeg_bytes,cifar100,100,0.005,0,500,256,0.024,0.013781177149521824,0.04147745969189818,0.1184
jpeg_bytes,cifar100,100,0.01,1,500,256,0.028,0.01675081930862122,0.04644682058455155,0.11912
jpeg_bytes,cifar100,100,0.02,2,500,256,0.03,0.018263049234083534,0.04890409218496562,0.11582000000000002
jpeg_bytes,cifar100,100,0.05,5,500,256,0.024,0.013781177149521824,0.04147745969189818,0.11570000000000001
jpeg_bytes,cifar100,100,0.1,10,500,256,0.024,0.013781177149521824,0.04147745969189818,0.11852000000000001
jpeg_bytes,cifar100,100,0.2,20,500,256,0.044,0.029233737680341678,0.06571991441984218,0.1194
jpeg_bytes,cifar100,100,0.5,50,500,256,0.054,0.03737409848513375,0.07742706124443205,0.12240000000000001
jpeg_bytes,cifar100,100,1.0,100,500,256,0.044,0.029233737680341678,0.06571991441984218,0.12290000000000001
jpeg_bytes,cifar100,250,0.0,0,500,256,0.026,0.0152562373229252,0.04397190104437119,0.074416
jpeg_bytes,cifar100,250,0.005,1,500,256,0.048,0.03246497509125218,0.07042768006068446,0.07688800000000001
jpeg_bytes,cifar100,250,0.01,2,500,256,0.026,0.0152562373229252,0.04397190104437119,0.07524000000000002
jpeg_bytes,cifar100,250,0.02,5,500,256,0.028,0.01675081930862122,0.04644682058455155,0.07410400000000002
jpeg_bytes,cifar100,250,0.05,12,500,256,0.038,0.024459922123289107,0.0585852253992656,0.074864
jpeg_bytes,cifar100,250,0.1,25,500,256,0.042,0.027632099334746148,0.06335205123956134,0.074976
jpeg_bytes,cifar100,250,0.2,50,500,256,0.036,0.022890872735181415,0.05618477326149691,0.073864
jpeg_bytes,cifar100,250,0.5,125,500,256,0.046,0.030844883399787512,0.06807827022627275,0.07875200000000002
jpeg_bytes,cifar100,250,1.0,250,500,256,0.066,0.04737823802541255,0.09123993085941157,0.08110400000000001
jpeg_bytes,cifar100,500,0.0,0,500,256,0.058,0.040683464783922846,0.08205669799739573,0.054256000000000006
jpeg_bytes,cifar100,500,0.005,2,500,256,0.048,0.03246497509125218,0.07042768006068446,0.05401600000000001
jpeg_bytes,cifar100,500,0.01,5,500,256,0.04,0.026040593951356387,0.06097405509707471,0.05408
jpeg_bytes,cifar100,500,0.02,10,500,256,0.068,0.04906621332682857,0.09352145708387197,0.05427200000000001
jpeg_bytes,cifar100,500,0.05,25,500,256,0.032,0.01979134135128301,0.05134530159364255,0.0534
jpeg_bytes,cifar100,500,0.1,50,500,256,0.048,0.03246497509125218,0.07042768006068446,0.0543
jpeg_bytes,cifar100,500,0.2,100,500,256,0.034,0.02133433944461342,0.053771805026188516,0.053004
jpeg_bytes,cifar100,500,0.5,250,500,256,0.074,0.05416087387750307,0.10033530111082659,0.05618400000000001
jpeg_bytes,cifar100,500,1.0,500,500,256,0.108,0.08372241545896647,0.13825528546926177,0.06315200000000001
jpeg_bytes,cifar100,1000,0.0,0,500,256,0.06,0.042348086000950205,0.08436157830624476,0.038602000000000004
jpeg_bytes,cifar100,1000,0.005,5,500,256,0.06,0.042348086000950205,0.08436157830624476,0.03790600000000001
jpeg_bytes,cifar100,1000,0.01,10,500,256,0.04,0.026040593951356387,0.06097405509707471,0.03772
jpeg_bytes,cifar100,1000,0.02,20,500,256,0.03,0.018263049234083534,0.04890409218496562,0.036398
jpeg_bytes,cifar100,1000,0.05,50,500,256,0.052,0.03573001990962654,0.07510163829406287,0.038092
jpeg_bytes,cifar100,1000,0.1,100,500,256,0.038,0.024459922123289107,0.0585852253992656,0.038314
jpeg_bytes,cifar100,1000,0.2,200,500,256,0.05,0.03409350665098192,0.07276865002683111,0.038384
jpeg_bytes,cifar100,1000,0.5,500,500,256,0.086,0.06447280005130328,0.11384038409228468,0.04103400000000001
jpeg_bytes,cifar100,1000,1.0,1000,500,256,0.19,0.15802683592828387,0.22670042756087622,0.049276
jpeg_bytes,cifar100,2000,0.0,0,500,256,0.042,0.027632099334746148,0.06335205123956134,0.026232000000000002
jpeg_bytes,cifar100,2000,0.005,10,500,256,0.03,0.018263049234083534,0.04890409218496562,0.026465000000000002
jpeg_bytes,cifar100,2000,0.01,20,500,256,0.044,0.029233737680341678,0.06571991441984218,0.026635000000000002
jpeg_bytes,cifar100,2000,0.02,40,500,256,0.046,0.030844883399787512,0.06807827022627275,0.026986000000000003
jpeg_bytes,cifar100,2000,0.05,100,500,256,0.042,0.027632099334746148,0.06335205123956134,0.026243000000000002
jpeg_bytes,cifar100,2000,0.1,200,500,256,0.052,0.03573001990962654,0.07510163829406287,0.026733
jpeg_bytes,cifar100,2000,0.2,400,500,256,0.048,0.03246497509125218,0.07042768006068446,0.027119
jpeg_bytes,cifar100,2000,0.5,1000,500,256,0.082,0.06101875732494105,0.10935542376689417,0.030227
jpeg_bytes,cifar100,2000,1.0,2000,500,256,0.402,0.35992798652483676,0.4455664387072203,0.04117
jpeg_bytes,cifar100,4000,0.0,0,500,256,0.04,0.026040593951356387,0.06097405509707471,0.018931999999999997
jpeg_bytes,cifar100,4000,0.005,20,500,256,0.042,0.027632099334746148,0.06335205123956134,0.0190865
jpeg_bytes,cifar100,4000,0.01,40,500,256,0.036,0.022890872735181415,0.05618477326149691,0.019032
jpeg_bytes,cifar100,4000,0.02,80,500,256,0.034,0.02133433944461342,0.053771805026188516,0.018915500000000002
jpeg_bytes,cifar100,4000,0.05,200,500,256,0.032,0.01979134135128301,0.05134530159364255,0.019008
jpeg_bytes,cifar100,4000,0.1,400,500,256,0.032,0.01979134135128301,0.05134530159364255,0.0185175
jpeg_bytes,cifar100,4000,0.2,800,500,256,0.038,0.024459922123289107,0.0585852253992656,0.019195999999999998
jpeg_bytes,cifar100,4000,0.5,2000,500,256,0.152,0.12319191165756974,0.186114822839939,0.0240045
jpeg_bytes,cifar100,4000,1.0,4000,500,256,0.75,0.7102355648988187,0.7859521258357297,0.034839
pixel_std,uniform,100,0.0,0,500,256,0.034,0.02133433944461342,0.053771805026188516,0.11886000000000001
pixel_std,uniform,100,0.005,0,500,256,0.026,0.0152562373229252,0.04397190104437119,0.11494000000000001
pixel_std,uniform,100,0.01,1,500,256,0.03,0.018263049234083534,0.04890409218496562,0.11572
pixel_std,uniform,100,0.02,2,500,256,0.048,0.03246497509125218,0.07042768006068446,0.11668
pixel_std,uniform,100,0.05,5,500,256,0.044,0.029233737680341678,0.06571991441984218,0.12084
pixel_std,uniform,100,0.1,10,500,256,0.06,0.042348086000950205,0.08436157830624476,0.13412000000000002
pixel_std,uniform,100,0.2,20,500,256,0.22,0.1859003473955845,0.2583694389817214,0.16666000000000003
pixel_std,uniform,100,0.5,50,500,256,1.0,0.9923753814690964,0.9999999999999999,0.29407999999999995
pixel_std,uniform,100,1.0,100,500,256,1.0,0.9923753814690964,0.9999999999999999,0.5284000000000001
pixel_std,uniform,250,0.0,0,500,256,0.024,0.013781177149521824,0.04147745969189818,0.075064
pixel_std,uniform,250,0.005,1,500,256,0.05,0.03409350665098192,0.07276865002683111,0.07662400000000001
pixel_std,uniform,250,0.01,2,500,256,0.038,0.024459922123289107,0.0585852253992656,0.07643200000000001
pixel_std,uniform,250,0.02,5,500,256,0.034,0.02133433944461342,0.053771805026188516,0.07552
pixel_std,uniform,250,0.05,12,500,256,0.058,0.040683464783922846,0.08205669799739573,0.07912000000000001
pixel_std,uniform,250,0.1,25,500,256,0.154,0.12501019573842537,0.18826604028495975,0.09591200000000001
pixel_std,uniform,250,0.2,50,500,256,0.682,0.639924207823618,0.7213004310311333,0.136936
pixel_std,uniform,250,0.5,125,500,256,1.0,0.9923753814690964,0.9999999999999999,0.27491999999999994
pixel_std,uniform,250,1.0,250,500,256,1.0,0.9923753814690964,0.9999999999999999,0.519992
pixel_std,uniform,500,0.0,0,500,256,0.042,0.027632099334746148,0.06335205123956134,0.052524
pixel_std,uniform,500,0.005,2,500,256,0.05,0.03409350665098192,0.07276865002683111,0.05437200000000002
pixel_std,uniform,500,0.01,5,500,256,0.04,0.026040593951356387,0.06097405509707471,0.05330400000000001
pixel_std,uniform,500,0.02,10,500,256,0.076,0.05586871073410857,0.10259696578009747,0.05620400000000001
pixel_std,uniform,500,0.05,25,500,256,0.106,0.08195666053446124,0.1360515388678906,0.06224000000000001
pixel_std,uniform,500,0.1,50,500,256,0.374,0.3326992639903926,0.41722213987939505,0.08175999999999999
pixel_std,uniform,500,0.2,100,500,256,0.998,0.9887590072528046,0.9996468726904154,0.12310800000000001
pixel_std,uniform,500,0.5,250,500,256,1.0,0.9923753814690964,0.9999999999999999,0.26698800000000006
pixel_std,uniform,500,1.0,500,500,256,1.0,0.9923753814690964,0.9999999999999999,0.518184
pixel_std,uniform,1000,0.0,0,500,256,0.048,0.03246497509125218,0.07042768006068446,0.037794
pixel_std,uniform,1000,0.005,5,500,256,0.04,0.026040593951356387,0.06097405509707471,0.038076000000000006
pixel_std,uniform,1000,0.01,10,500,256,0.052,0.03573001990962654,0.07510163829406287,0.037852
pixel_std,uniform,1000,0.02,20,500,256,0.07,0.05075944317125315,0.09579772876532376,0.039886000000000005
pixel_std,uniform,1000,0.05,50,500,256,0.168,0.13778772464256234,0.20327502206195752,0.048526
pixel_std,uniform,1000,0.1,100,500,256,0.692,0.6501972113746908,0.7308749351094421,0.06978
pixel_std,uniform,1000,0.2,200,500,256,1.0,0.9923753814690964,0.9999999999999999,0.11469800000000001
pixel_std,uniform,1000,0.5,500,500,256,1.0,0.9923753814690964,0.9999999999999999,0.263014
pixel_std,uniform,1000,1.0,1000,500,256,1.0,0.9923753814690964,0.9999999999999999,0.517652
pixel_std,uniform,2000,0.0,0,500,256,0.048,0.03246497509125218,0.07042768006068446,0.026226000000000003
pixel_std,uniform,2000,0.005,10,500,256,0.042,0.027632099334746148,0.06335205123956134,0.026786
pixel_std,uniform,2000,0.01,20,500,256,0.052,0.03573001990962654,0.07510163829406287,0.027157000000000004
pixel_std,uniform,2000,0.02,40,500,256,0.084,0.06274379952220428,0.11159988309550732,0.029304000000000004
pixel_std,uniform,2000,0.05,100,500,256,0.37,0.328821530528825,0.4131608702892099,0.040403
pixel_std,uniform,2000,0.1,200,500,256,0.992,0.9796126401630988,0.9968847352024922,0.061345
pixel_std,uniform,2000,0.2,400,500,256,1.0,0.9923753814690964,0.9999999999999999,0.10934100000000001
pixel_std,uniform,2000,0.5,1000,500,256,1.0,0.9923753814690964,0.9999999999999999,0.25994399999999995
pixel_std,uniform,2000,1.0,2000,500,256,1.0,0.9923753814690964,0.9999999999999999,0.5171870000000001
pixel_std,uniform,4000,0.0,0,500,256,0.04,0.026040593951356387,0.06097405509707471,0.0188435
pixel_std,uniform,4000,0.005,20,500,256,0.034,0.02133433944461342,0.053771805026188516,0.0185465
pixel_std,uniform,4000,0.01,40,500,256,0.038,0.024459922123289107,0.0585852253992656,0.019597
pixel_std,uniform,4000,0.02,80,500,256,0.11,0.08549101658817662,0.140456185865928,0.021829499999999998
pixel_std,uniform,4000,0.05,200,500,256,0.674,0.6317212496204101,0.7136253831308357,0.033921999999999994
pixel_std,uniform,4000,0.1,400,500,256,1.0,0.9923753814690964,0.9999999999999999,0.0572005
pixel_std,uniform,4000,0.2,800,500,256,1.0,0.9923753814690964,0.9999999999999999,0.106916
pixel_std,uniform,4000,0.5,2000,500,256,1.0,0.9923753814690964,0.9999999999999999,0.25956300000000004
pixel_std,uniform,4000,1.0,4000,500,256,1.0,0.9923753814690964,0.9999999999999999,0.5166095
pixel_std,dtd,100,0.0,0,500,256,0.046,0.030844883399787512,0.06807827022627275,0.11858000000000002
pixel_std,dtd,100,0.005,0,500,256,0.03,0.018263049234083534,0.04890409218496562,0.11662
pixel_std,dtd,100,0.01,1,500,256,0.036,0.022890872735181415,0.05618477326149691,0.11794000000000002
pixel_std,dtd,100,0.02,2,500,256,0.04,0.026040593951356387,0.06097405509707471,0.11632000000000002
pixel_std,dtd,100,0.05,5,500,256,0.046,0.030844883399787512,0.06807827022627275,0.11932000000000001
pixel_std,dtd,100,0.1,10,500,256,0.044,0.029233737680341678,0.06571991441984218,0.11756
pixel_std,dtd,100,0.2,20,500,256,0.038,0.024459922123289107,0.0585852253992656,0.1194
pixel_std,dtd,100,0.5,50,500,256,0.078,0.057581071819524224,0.10485410622055823,0.13138
pixel_std,dtd,100,1.0,100,500,256,0.318,0.2786995689688668,0.360075792176382,0.1752
pixel_std,dtd,250,0.0,0,500,256,0.03,0.018263049234083534,0.04890409218496562,0.076064
pixel_std,dtd,250,0.005,1,500,256,0.04,0.026040593951356387,0.06097405509707471,0.07456800000000001
pixel_std,dtd,250,0.01,2,500,256,0.04,0.026040593951356387,0.06097405509707471,0.074632
pixel_std,dtd,250,0.02,5,500,256,0.03,0.018263049234083534,0.04890409218496562,0.074976
pixel_std,dtd,250,0.05,12,500,256,0.04,0.026040593951356387,0.06097405509707471,0.07472
pixel_std,dtd,250,0.1,25,500,256,0.036,0.022890872735181415,0.05618477326149691,0.07568800000000002
pixel_std,dtd,250,0.2,50,500,256,0.058,0.040683464783922846,0.08205669799739573,0.08150400000000002
pixel_std,dtd,250,0.5,125,500,256,0.218,0.18403314391912312,0.25626714093230635,0.09857600000000002
pixel_std,dtd,250,1.0,250,500,256,0.776,0.737429591400892,0.8103616191700495,0.148232
pixel_std,dtd,500,0.0,0,500,256,0.072,0.05245772605354006,0.09806894740891321,0.054328
pixel_std,dtd,500,0.005,2,500,256,0.044,0.029233737680341678,0.06571991441984218,0.053424000000000006
pixel_std,dtd,500,0.01,5,500,256,0.048,0.03246497509125218,0.07042768006068446,0.054116000000000004
pixel_std,dtd,500,0.02,10,500,256,0.064,0.045695733565557124,0.08895293379339062,0.05463200000000001
pixel_std,dtd,500,0.05,25,500,256,0.054,0.03737409848513375,0.07742706124443205,0.054768
pixel_std,dtd,500,0.1,50,500,256,0.078,0.057581071819524224,0.10485410622055823,0.05575600000000001
pixel_std,dtd,500,0.2,100,500,256,0.102,0.07843397139617729,0.1316352249544218,0.06017600000000001
pixel_std,dtd,500,0.5,250,500,256,0.446,0.4030056150135332,0.4898178437878044,0.083124
pixel_std,dtd,500,1.0,500,500,256,0.986,0.9713865738597492,0.9932022969282127,0.13747199999999998
pixel_std,dtd,1000,0.0,0,500,256,0.044,0.029233737680341678,0.06571991441984218,0.03809400000000001
pixel_std,dtd,1000,0.005,5,500,256,0.048,0.03246497509125218,0.07042768006068446,0.038840000000000006
pixel_std,dtd,1000,0.01,10,500,256,0.036,0.022890872735181415,0.05618477326149691,0.037608
pixel_std,dtd,1000,0.02,20,500,256,0.042,0.027632099334746148,0.06335205123956134,0.038372
pixel_std,dtd,1000,0.05,50,500,256,0.066,0.04737823802541255,0.09123993085941157,0.03939
pixel_std,dtd,1000,0.1,100,500,256,0.058,0.040683464783922846,0.08205669799739573,0.04021400000000001
pixel_std,dtd,1000,0.2,200,500,256,0.162,0.13230129007093688,0.19685295205595382,0.04688600000000001
pixel_std,dtd,1000,0.5,500,500,256,0.81,0.7732995724391238,0.8419731640717161,0.075018
pixel_std,dtd,1000,1.0,1000,500,256,1.0,0.9923753814690964,0.9999999999999999,0.130132
pixel_std,dtd,2000,0.0,0,500,256,0.036,0.022890872735181415,0.05618477326149691,0.026372
pixel_std,dtd,2000,0.005,10,500,256,0.058,0.040683464783922846,0.08205669799739573,0.02729
pixel_std,dtd,2000,0.01,20,500,256,0.042,0.027632099334746148,0.06335205123956134,0.027356000000000002
pixel_std,dtd,2000,0.02,40,500,256,0.046,0.030844883399787512,0.06807827022627275,0.027181
pixel_std,dtd,2000,0.05,100,500,256,0.06,0.042348086000950205,0.08436157830624476,0.028029000000000002
pixel_std,dtd,2000,0.1,200,500,256,0.12,0.09437448030757052,0.15142022977591602,0.031059
pixel_std,dtd,2000,0.2,400,500,256,0.304,0.2653013836201453,0.3456874668439688,0.037706
pixel_std,dtd,2000,0.5,1000,500,256,0.996,0.9855339859585811,0.9989023924587627,0.069119
pixel_std,dtd,2000,1.0,2000,500,256,1.0,0.9923753814690964,0.9999999999999999,0.12499500000000002
pixel_std,dtd,4000,0.0,0,500,256,0.042,0.027632099334746148,0.06335205123956134,0.018586
pixel_std,dtd,4000,0.005,20,500,256,0.044,0.029233737680341678,0.06571991441984218,0.0184845
pixel_std,dtd,4000,0.01,40,500,256,0.04,0.026040593951356387,0.06097405509707471,0.018701
pixel_std,dtd,4000,0.02,80,500,256,0.036,0.022890872735181415,0.05618477326149691,0.018932499999999998
pixel_std,dtd,4000,0.05,200,500,256,0.06,0.042348086000950205,0.08436157830624476,0.0204245
pixel_std,dtd,4000,0.1,400,500,256,0.184,0.15248894558374934,0.2203298133277816,0.0242255
pixel_std,dtd,4000,0.2,800,500,256,0.61,0.566563167828306,0.6517594160948953,0.033208
pixel_std,dtd,4000,0.5,2000,500,256,1.0,0.9923753814690964,0.9999999999999999,0.066126
pixel_std,dtd,4000,1.0,4000,500,256,1.0,0.9923753814690964,0.9999999999999999,0.12214799999999999
pixel_std,imagenet64,100,0.0,0,500,256,0.024,0.013781177149521824,0.04147745969189818,0.11674000000000001
pixel_std,imagenet64,100,0.005,0,500,256,0.054,0.03737409848513375,0.07742706124443205,0.12040000000000001
pixel_std,imagenet64,100,0.01,1,500,256,0.042,0.027632099334746148,0.06335205123956134,0.1182
pixel_std,imagenet64,100,0.02,2,500,256,0.022,0.01232788016714588,0.03896125514839773,0.11878000000000001
pixel_std,imagenet64,100,0.05,5,500,256,0.034,0.02133433944461342,0.053771805026188516,0.11832
pixel_std,imagenet64,100,0.1,10,500,256,0.044,0.029233737680341678,0.06571991441984218,0.12078000000000001
pixel_std,imagenet64,100,0.2,20,500,256,0.034,0.02133433944461342,0.053771805026188516,0.1167
pixel_std,imagenet64,100,0.5,50,500,256,0.064,0.045695733565557124,0.08895293379339062,0.12644000000000002
pixel_std,imagenet64,100,1.0,100,500,256,0.24,0.20463724941868827,0.2793275522173815,0.16015999999999997
pixel_std,imagenet64,250,0.0,0,500,256,0.034,0.02133433944461342,0.053771805026188516,0.074968
pixel_std,imagenet64,250,0.005,1,500,256,0.056,0.03902536261505807,0.07974529864038413,0.07764000000000001
pixel_std,imagenet64,250,0.01,2,500,256,0.024,0.013781177149521824,0.04147745969189818,0.07348
pixel_std,imagenet64,250,0.02,5,500,256,0.052,0.03573001990962654,0.07510163829406287,0.07661600000000002
pixel_std,imagenet64,250,0.05,12,500,256,0.048,0.03246497509125218,0.07042768006068446,0.077232
pixel_std,imagenet64,250,0.1,25,500,256,0.036,0.022890872735181415,0.05618477326149691,0.075848
pixel_std,imagenet64,250,0.2,50,500,256,0.05,0.03409350665098192,0.07276865002683111,0.076656
pixel_std,imagenet64,250,0.5,125,500,256,0.14,0.11232220101564047,0.17316752432660995,0.089936
pixel_std,imagenet64,250,1.0,250,500,256,0.562,0.5182021184950548,0.6048524288071132,0.12896800000000003
pixel_std,imagenet64,500,0.0,0,500,256,0.052,0.03573001990962654,0.07510163829406287,0.05376400000000001
pixel_std,imagenet64,500,0.005,2,500,256,0.048,0.03246497509125218,0.07042768006068446,0.05396000000000001
pixel_std,imagenet64,500,0.01,5,500,256,0.048,0.03246497509125218,0.07042768006068446,0.054104000000000006
pixel_std,imagenet64,500,0.02,10,500,256,0.044,0.029233737680341678,0.06571991441984218,0.053804000000000005
pixel_std,imagenet64,500,0.05,25,500,256,0.054,0.03737409848513375,0.07742706124443205,0.054200000000000005
pixel_std,imagenet64,500,0.1,50,500,256,0.05,0.03409350665098192,0.07276865002683111,0.05417600000000001
pixel_std,imagenet64,500,0.2,100,500,256,0.082,0.06101875732494105,0.10935542376689417,0.057276
pixel_std,imagenet64,500,0.5,250,500,256,0.312,0.27295226189727373,0.3539145946703459,0.075188
pixel_std,imagenet64,500,1.0,500,500,256,0.868,0.8355045607103054,0.8948837200509497,0.11371200000000002
pixel_std,imagenet64,1000,0.0,0,500,256,0.048,0.03246497509125218,0.07042768006068446,0.038218
pixel_std,imagenet64,1000,0.005,5,500,256,0.042,0.027632099334746148,0.06335205123956134,0.037914
pixel_std,imagenet64,1000,0.01,10,500,256,0.048,0.03246497509125218,0.07042768006068446,0.037998000000000004
pixel_std,imagenet64,1000,0.02,20,500,256,0.034,0.02133433944461342,0.053771805026188516,0.037992000000000005
pixel_std,imagenet64,1000,0.05,50,500,256,0.036,0.022890872735181415,0.05618477326149691,0.037164
pixel_std,imagenet64,1000,0.1,100,500,256,0.044,0.029233737680341678,0.06571991441984218,0.038546000000000004
pixel_std,imagenet64,1000,0.2,200,500,256,0.126,0.09973485690292784,0.1579683577581879,0.043278000000000004
pixel_std,imagenet64,1000,0.5,500,500,256,0.558,0.5141907226350576,0.6009248216153577,0.06371
pixel_std,imagenet64,1000,1.0,1000,500,256,0.992,0.9796126401630988,0.9968847352024922,0.10504400000000001
pixel_std,imagenet64,2000,0.0,0,500,256,0.036,0.022890872735181415,0.05618477326149691,0.026511000000000003
pixel_std,imagenet64,2000,0.005,10,500,256,0.038,0.024459922123289107,0.0585852253992656,0.026638000000000002
pixel_std,imagenet64,2000,0.01,20,500,256,0.042,0.027632099334746148,0.06335205123956134,0.026536
pixel_std,imagenet64,2000,0.02,40,500,256,0.056,0.03902536261505807,0.07974529864038413,0.026788000000000003
pixel_std,imagenet64,2000,0.05,100,500,256,0.054,0.03737409848513375,0.07742706124443205,0.027199000000000004
pixel_std,imagenet64,2000,0.1,200,500,256,0.078,0.057581071819524224,0.10485410622055823,0.028597
pixel_std,imagenet64,2000,0.2,400,500,256,0.226,0.1915091878404532,0.2646691031144819,0.034439
pixel_std,imagenet64,2000,0.5,1000,500,256,0.854,0.8203500666587293,0.882251703421391,0.057664
pixel_std,imagenet64,2000,1.0,2000,500,256,1.0,0.9923753814690964,0.9999999999999999,0.09973699999999999
pixel_std,imagenet64,4000,0.0,0,500,256,0.042,0.027632099334746148,0.06335205123956134,0.018764499999999996
pixel_std,imagenet64,4000,0.005,20,500,256,0.044,0.029233737680341678,0.06571991441984218,0.018701500000000003
pixel_std,imagenet64,4000,0.01,40,500,256,0.02,0.010899065235569357,0.03642056855409787,0.0184195
pixel_std,imagenet64,4000,0.02,80,500,256,0.018,0.009498085051756854,0.03385204721203399,0.018052500000000003
pixel_std,imagenet64,4000,0.05,200,500,256,0.064,0.045695733565557124,0.08895293379339062,0.019198500000000004
pixel_std,imagenet64,4000,0.1,400,500,256,0.086,0.06447280005130328,0.11384038409228468,0.020967
pixel_std,imagenet64,4000,0.2,800,500,256,0.346,0.3056205162688996,0.3887278662386186,0.027379
pixel_std,imagenet64,4000,0.5,2000,500,256,0.984,0.9687485245822888,0.9918708446797967,0.052476
pixel_std,imagenet64,4000,1.0,4000,500,256,1.0,0.9923753814690964,0.9999999999999999,0.09681450000000001
pixel_std,cifar100,100,0.0,0,500,256,0.054,0.03737409848513375,0.07742706124443205,0.11980000000000002
pixel_std,cifar100,100,0.005,0,500,256,0.038,0.024459922123289107,0.0585852253992656,0.11954000000000001
pixel_std,cifar100,100,0.01,1,500,256,0.042,0.027632099334746148,0.06335205123956134,0.11840000000000002
pixel_std,cifar100,100,0.02,2,500,256,0.028,0.01675081930862122,0.04644682058455155,0.11656000000000001
pixel_std,cifar100,100,0.05,5,500,256,0.034,0.02133433944461342,0.053771805026188516,0.11876
pixel_std,cifar100,100,0.1,10,500,256,0.026,0.0152562373229252,0.04397190104437119,0.11662
pixel_std,cifar100,100,0.2,20,500,256,0.022,0.01232788016714588,0.03896125514839773,0.11408000000000001
pixel_std,cifar100,100,0.5,50,500,256,0.04,0.026040593951356387,0.06097405509707471,0.1183
pixel_std,cifar100,100,1.0,100,500,256,0.07,0.05075944317125315,0.09579772876532376,0.12466
pixel_std,cifar100,250,0.0,0,500,256,0.036,0.022890872735181415,0.05618477326149691,0.07619200000000001
pixel_std,cifar100,250,0.005,1,500,256,0.044,0.029233737680341678,0.06571991441984218,0.07667199999999999
pixel_std,cifar100,250,0.01,2,500,256,0.048,0.03246497509125218,0.07042768006068446,0.07728800000000001
pixel_std,cifar100,250,0.02,5,500,256,0.022,0.01232788016714588,0.03896125514839773,0.073872
pixel_std,cifar100,250,0.05,12,500,256,0.046,0.030844883399787512,0.06807827022627275,0.07616
pixel_std,cifar100,250,0.1,25,500,256,0.062,0.04401893261361028,0.08666023321946106,0.076144
pixel_std,cifar100,250,0.2,50,500,256,0.03,0.018263049234083534,0.04890409218496562,0.072776
pixel_std,cifar100,250,0.5,125,500,256,0.066,0.04737823802541255,0.09123993085941157,0.078248
pixel_std,cifar100,250,1.0,250,500,256,0.138,0.11051755348949738,0.17100267032687666,0.08747200000000001
pixel_std,cifar100,500,0.0,0,500,256,0.04,0.026040593951356387,0.06097405509707471,0.052732
pixel_std,cifar100,500,0.005,2,500,256,0.048,0.03246497509125218,0.07042768006068446,0.053680000000000005
pixel_std,cifar100,500,0.01,5,500,256,0.052,0.03573001990962654,0.07510163829406287,0.054040000000000005
pixel_std,cifar100,500,0.02,10,500,256,0.034,0.02133433944461342,0.053771805026188516,0.052828
pixel_std,cifar100,500,0.05,25,500,256,0.048,0.03246497509125218,0.07042768006068446,0.053932
pixel_std,cifar100,500,0.1,50,500,256,0.056,0.03902536261505807,0.07974529864038413,0.052896000000000006
pixel_std,cifar100,500,0.2,100,500,256,0.042,0.027632099334746148,0.06335205123956134,0.05366800000000001
pixel_std,cifar100,500,0.5,250,500,256,0.106,0.08195666053446124,0.1360515388678906,0.05845600000000001
pixel_std,cifar100,500,1.0,500,500,256,0.248,0.21216358811767894,0.28767921962189635,0.070484
pixel_std,cifar100,1000,0.0,0,500,256,0.05,0.03409350665098192,0.07276865002683111,0.038060000000000004
pixel_std,cifar100,1000,0.005,5,500,256,0.028,0.01675081930862122,0.04644682058455155,0.037826000000000005
pixel_std,cifar100,1000,0.01,10,500,256,0.052,0.03573001990962654,0.07510163829406287,0.037758
pixel_std,cifar100,1000,0.02,20,500,256,0.046,0.030844883399787512,0.06807827022627275,0.03794200000000001
pixel_std,cifar100,1000,0.05,50,500,256,0.038,0.024459922123289107,0.0585852253992656,0.037498000000000004
pixel_std,cifar100,1000,0.1,100,500,256,0.054,0.03737409848513375,0.07742706124443205,0.038046
pixel_std,cifar100,1000,0.2,200,500,256,0.068,0.04906621332682857,0.09352145708387197,0.040192000000000005
pixel_std,cifar100,1000,0.5,500,500,256,0.096,0.07317313790557156,0.12498755386739835,0.042404000000000004
pixel_std,cifar100,1000,1.0,1000,500,256,0.42,0.3775085874060515,0.46371135155889304,0.057954000000000006
pixel_std,cifar100,2000,0.0,0,500,256,0.036,0.022890872735181415,0.05618477326149691,0.026256
pixel_std,cifar100,2000,0.005,10,500,256,0.038,0.024459922123289107,0.0585852253992656,0.026875
pixel_std,cifar100,2000,0.01,20,500,256,0.018,0.009498085051756854,0.03385204721203399,0.026072
pixel_std,cifar100,2000,0.02,40,500,256,0.046,0.030844883399787512,0.06807827022627275,0.026619
pixel_std,cifar100,2000,0.05,100,500,256,0.024,0.013781177149521824,0.04147745969189818,0.025796000000000003
pixel_std,cifar100,2000,0.1,200,500,256,0.042,0.027632099334746148,0.06335205123956134,0.026531000000000006
pixel_std,cifar100,2000,0.2,400,500,256,0.068,0.04906621332682857,0.09352145708387197,0.027606000000000002
pixel_std,cifar100,2000,0.5,1000,500,256,0.198,0.16543056787682525,0.23517470171584037,0.034408
pixel_std,cifar100,2000,1.0,2000,500,256,0.786,0.7479411410548613,0.819697577145462,0.05238600000000001
pixel_std,cifar100,4000,0.0,0,500,256,0.026,0.0152562373229252,0.04397190104437119,0.0186815
pixel_std,cifar100,4000,0.005,20,500,256,0.036,0.022890872735181415,0.05618477326149691,0.018715000000000002
pixel_std,cifar100,4000,0.01,40,500,256,0.03,0.018263049234083534,0.04890409218496562,0.018612000000000004
pixel_std,cifar100,4000,0.02,80,500,256,0.038,0.024459922123289107,0.0585852253992656,0.0186855
pixel_std,cifar100,4000,0.05,200,500,256,0.042,0.027632099334746148,0.06335205123956134,0.0187025
pixel_std,cifar100,4000,0.1,400,500,256,0.044,0.029233737680341678,0.06571991441984218,0.018944
pixel_std,cifar100,4000,0.2,800,500,256,0.066,0.04737823802541255,0.09123993085941157,0.019962
pixel_std,cifar100,4000,0.5,2000,500,256,0.378,0.33658005483068504,0.4212803520908554,0.02856
pixel_std,cifar100,4000,1.0,4000,500,256,0.976,0.9585225403081018,0.9862188228504781,0.04711649999999999
pixel_entropy,uniform,100,0.0,0,500,256,0.046,0.030844883399787512,0.06807827022627275,0.11744
pixel_entropy,uniform,100,0.005,0,500,256,0.05,0.03409350665098192,0.07276865002683111,0.11866
pixel_entropy,uniform,100,0.01,1,500,256,0.03,0.018263049234083534,0.04890409218496562,0.11604
pixel_entropy,uniform,100,0.02,2,500,256,0.024,0.013781177149521824,0.04147745969189818,0.11756
pixel_entropy,uniform,100,0.05,5,500,256,0.05,0.03409350665098192,0.07276865002683111,0.12326
pixel_entropy,uniform,100,0.1,10,500,256,0.088,0.06620563711739778,0.11607704855206659,0.13492
pixel_entropy,uniform,100,0.2,20,500,256,0.328,0.2882954889726376,0.3703273798019932,0.17862
pixel_entropy,uniform,100,0.5,50,500,256,1.0,0.9923753814690964,0.9999999999999999,0.34329999999999994
pixel_entropy,uniform,100,1.0,100,500,256,1.0,0.9923753814690964,0.9999999999999999,0.6663399999999999
pixel_entropy,uniform,250,0.0,0,500,256,0.046,0.030844883399787512,0.06807827022627275,0.07570400000000001
pixel_entropy,uniform,250,0.005,1,500,256,0.044,0.029233737680341678,0.06571991441984218,0.07570400000000001
pixel_entropy,uniform,250,0.01,2,500,256,0.052,0.03573001990962654,0.07510163829406287,0.07640799999999999
pixel_entropy,uniform,250,0.02,5,500,256,0.042,0.027632099334746148,0.06335205123956134,0.07674400000000002
pixel_entropy,uniform,250,0.05,12,500,256,0.074,0.05416087387750307,0.10033530111082659,0.083472
pixel_entropy,uniform,250,0.1,25,500,256,0.178,0.14696436225520904,0.2139458920786927,0.09871200000000001
pixel_entropy,uniform,250,0.2,50,500,256,0.794,0.7563727994796797,0.8271439248241491,0.15104
pixel_entropy,uniform,250,0.5,125,500,256,1.0,0.9923753814690964,0.9999999999999999,0.335504
pixel_entropy,uniform,250,1.0,250,500,256,1.0,0.9923753814690964,0.9999999999999999,0.6594639999999999
pixel_entropy,uniform,500,0.0,0,500,256,0.036,0.022890872735181415,0.05618477326149691,0.05320400000000001
pixel_entropy,uniform,500,0.005,2,500,256,0.056,0.03902536261505807,0.07974529864038413,0.05411200000000001
pixel_entropy,uniform,500,0.01,5,500,256,0.062,0.04401893261361028,0.08666023321946106,0.054472
pixel_entropy,uniform,500,0.02,10,500,256,0.056,0.03902536261505807,0.07974529864038413,0.05534800000000001
pixel_entropy,uniform,500,0.05,25,500,256,0.158,0.1286522063728175,0.1925630327023204,0.064748
pixel_entropy,uniform,500,0.1,50,500,256,0.442,0.39907517838464235,0.4858092773649425,0.084692
pixel_entropy,uniform,500,0.2,100,500,256,0.996,0.9855339859585811,0.9989023924587627,0.14212799999999998
pixel_entropy,uniform,500,0.5,250,500,256,1.0,0.9923753814690964,0.9999999999999999,0.333092
pixel_entropy,uniform,500,1.0,500,500,256,1.0,0.9923753814690964,0.9999999999999999,0.659664
pixel_entropy,uniform,1000,0.0,0,500,256,0.046,0.030844883399787512,0.06807827022627275,0.038001999999999994
pixel_entropy,uniform,1000,0.005,5,500,256,0.048,0.03246497509125218,0.07042768006068446,0.03837
pixel_entropy,uniform,1000,0.01,10,500,256,0.062,0.04401893261361028,0.08666023321946106,0.038374000000000005
pixel_entropy,uniform,1000,0.02,20,500,256,0.07,0.05075944317125315,0.09579772876532376,0.040234
pixel_entropy,uniform,1000,0.05,50,500,256,0.236,0.20088068978132578,0.27514510880299115,0.051012
pixel_entropy,uniform,1000,0.1,100,500,256,0.816,0.7796701866722183,0.8475110544162506,0.075528
pixel_entropy,uniform,1000,0.2,200,500,256,1.0,0.9923753814690964,0.9999999999999999,0.13768
pixel_entropy,uniform,1000,0.5,500,500,256,1.0,0.9923753814690964,0.9999999999999999,0.330668
pixel_entropy,uniform,1000,1.0,1000,500,256,1.0,0.9923753814690964,0.9999999999999999,0.657884
pixel_entropy,uniform,2000,0.0,0,500,256,0.044,0.029233737680341678,0.06571991441984218,0.027608000000000004
pixel_entropy,uniform,2000,0.005,10,500,256,0.052,0.03573001990962654,0.07510163829406287,0.026976
pixel_entropy,uniform,2000,0.01,20,500,256,0.06,0.042348086000950205,0.08436157830624476,0.027872000000000004
pixel_entropy,uniform,2000,0.02,40,500,256,0.114,0.08903649378821105,0.14484971171764635,0.030403
pixel_entropy,uniform,2000,0.05,100,500,256,0.452,0.4089065586120002,0.49582540476696657,0.04318
pixel_entropy,uniform,2000,0.1,200,500,256,0.998,0.9887590072528046,0.9996468726904154,0.07026099999999999
pixel_entropy,uniform,2000,0.2,400,500,256,1.0,0.9923753814690964,0.9999999999999999,0.13537000000000002
pixel_entropy,uniform,2000,0.5,1000,500,256,1.0,0.9923753814690964,0.9999999999999999,0.330172
pixel_entropy,uniform,2000,1.0,2000,500,256,1.0,0.9923753814690964,0.9999999999999999,0.656307
pixel_entropy,uniform,4000,0.0,0,500,256,0.036,0.022890872735181415,0.05618477326149691,0.018639000000000003
pixel_entropy,uniform,4000,0.005,20,500,256,0.048,0.03246497509125218,0.07042768006068446,0.018970999999999995
pixel_entropy,uniform,4000,0.01,40,500,256,0.044,0.029233737680341678,0.06571991441984218,0.0195155
pixel_entropy,uniform,4000,0.02,80,500,256,0.156,0.12683030337229503,0.19041543417696646,0.0231275
pixel_entropy,uniform,4000,0.05,200,500,256,0.83,0.7945876062593026,0.8603801455103012,0.038622500000000004
pixel_entropy,uniform,4000,0.1,400,500,256,1.0,0.9923753814690964,0.9999999999999999,0.06951449999999999
pixel_entropy,uniform,4000,0.2,800,500,256,1.0,0.9923753814690964,0.9999999999999999,0.13379700000000003
pixel_entropy,uniform,4000,0.5,2000,500,256,1.0,0.9923753814690964,0.9999999999999999,0.3293445
pixel_entropy,uniform,4000,1.0,4000,500,256,1.0,0.9923753814690964,0.9999999999999999,0.6558434999999999
pixel_entropy,dtd,100,0.0,0,500,256,0.048,0.03246497509125218,0.07042768006068446,0.11852000000000001
pixel_entropy,dtd,100,0.005,0,500,256,0.04,0.026040593951356387,0.06097405509707471,0.1169
pixel_entropy,dtd,100,0.01,1,500,256,0.046,0.030844883399787512,0.06807827022627275,0.11704
pixel_entropy,dtd,100,0.02,2,500,256,0.042,0.027632099334746148,0.06335205123956134,0.11670000000000001
pixel_entropy,dtd,100,0.05,5,500,256,0.024,0.013781177149521824,0.04147745969189818,0.11576000000000002
pixel_entropy,dtd,100,0.1,10,500,256,0.028,0.01675081930862122,0.04644682058455155,0.11814000000000001
pixel_entropy,dtd,100,0.2,20,500,256,0.044,0.029233737680341678,0.06571991441984218,0.1228
pixel_entropy,dtd,100,0.5,50,500,256,0.186,0.15433345489426237,0.22245480554314495,0.14872000000000002
pixel_entropy,dtd,100,1.0,100,500,256,0.566,0.522216352008653,0.6087771983452676,0.206
pixel_entropy,dtd,250,0.0,0,500,256,0.046,0.030844883399787512,0.06807827022627275,0.075936
pixel_entropy,dtd,250,0.005,1,500,256,0.032,0.01979134135128301,0.05134530159364255,0.07547200000000001
pixel_entropy,dtd,250,0.01,2,500,256,0.04,0.026040593951356387,0.06097405509707471,0.07627199999999999
pixel_entropy,dtd,250,0.02,5,500,256,0.04,0.026040593951356387,0.06097405509707471,0.075576
pixel_entropy,dtd,250,0.05,12,500,256,0.042,0.027632099334746148,0.06335205123956134,0.07610400000000002
pixel_entropy,dtd,250,0.1,25,500,256,0.06,0.042348086000950205,0.08436157830624476,0.077512
pixel_entropy,dtd,250,0.2,50,500,256,0.094,0.07142604659353205,0.12276514365356148,0.08213600000000001
pixel_entropy,dtd,250,0.5,125,500,256,0.408,0.3657816336552564,0.4516212961544298,0.116512
pixel_entropy,dtd,250,1.0,250,500,256,0.97,0.9510959078150344,0.9817369507659165,0.18789600000000004
pixel_entropy,dtd,500,0.0,0,500,256,0.044,0.029233737680341678,0.06571991441984218,0.053556000000000006
pixel_entropy,dtd,500,0.005,2,500,256,0.044,0.029233737680341678,0.06571991441984218,0.053384
pixel_entropy,dtd,500,0.01,5,500,256,0.046,0.030844883399787512,0.06807827022627275,0.05369200000000001
pixel_entropy,dtd,500,0.02,10,500,256,0.028,0.01675081930862122,0.04644682058455155,0.05240400000000001
pixel_entropy,dtd,500,0.05,25,500,256,0.05,0.03409350665098192,0.07276865002683111,0.054079999999999996
pixel_entropy,dtd,500,0.1,50,500,256,0.076,0.05586871073410857,0.10259696578009747,0.05674800000000001
pixel_entropy,dtd,500,0.2,100,500,256,0.11,0.08549101658817662,0.140456185865928,0.06160000000000001
pixel_entropy,dtd,500,0.5,250,500,256,0.738,0.6977463146741062,0.7746243669051839,0.10224400000000002
pixel_entropy,dtd,500,1.0,500,500,256,1.0,0.9923753814690964,0.9999999999999999,0.17506799999999997
pixel_entropy,dtd,1000,0.0,0,500,256,0.052,0.03573001990962654,0.07510163829406287,0.039102000000000005
pixel_entropy,dtd,1000,0.005,5,500,256,0.04,0.026040593951356387,0.06097405509707471,0.037668
pixel_entropy,dtd,1000,0.01,10,500,256,0.038,0.024459922123289107,0.0585852253992656,0.038160000000000006
pixel_entropy,dtd,1000,0.02,20,500,256,0.04,0.026040593951356387,0.06097405509707471,0.03708400000000001
pixel_entropy,dtd,1000,0.05,50,500,256,0.056,0.03902536261505807,0.07974529864038413,0.038984000000000005
pixel_entropy,dtd,1000,0.1,100,500,256,0.086,0.06447280005130328,0.11384038409228468,0.04066600000000001
pixel_entropy,dtd,1000,0.2,200,500,256,0.242,0.20651719550386513,0.28141710765808103,0.049805999999999996
pixel_entropy,dtd,1000,0.5,500,500,256,0.964,0.943815226738503,0.9771091272648186,0.09143599999999999
pixel_entropy,dtd,1000,1.0,1000,500,256,1.0,0.9923753814690964,0.9999999999999999,0.16586599999999999
pixel_entropy,dtd,2000,0.0,0,500,256,0.042,0.027632099334746148,0.06335205123956134,0.026701000000000003
pixel_entropy,dtd,2000,0.005,10,500,256,0.034,0.02133433944461342,0.053771805026188516,0.026445999999999997
pixel_entropy,dtd,2000,0.01,20,500,256,0.034,0.02133433944461342,0.053771805026188516,0.026430000000000002
pixel_entropy,dtd,2000,0.02,40,500,256,0.028,0.01675081930862122,0.04644682058455155,0.02639
pixel_entropy,dtd,2000,0.05,100,500,256,0.046,0.030844883399787512,0.06807827022627275,0.027627
pixel_entropy,dtd,2000,0.1,200,500,256,0.134,0.1069145540979546,0.16666666666666669,0.03130600000000001
pixel_entropy,dtd,2000,0.2,400,500,256,0.458,0.41481382806562594,0.50182663989097,0.042139
pixel_entropy,dtd,2000,0.5,1000,500,256,1.0,0.9923753814690964,0.9999999999999999,0.08498900000000001
pixel_entropy,dtd,2000,1.0,2000,500,256,1.0,0.9923753814690964,0.9999999999999999,0.15975299999999998
pixel_entropy,dtd,4000,0.0,0,500,256,0.038,0.024459922123289107,0.0585852253992656,0.018278000000000003
pixel_entropy,dtd,4000,0.005,20,500,256,0.028,0.01675081930862122,0.04644682058455155,0.0180875
pixel_entropy,dtd,4000,0.01,40,500,256,0.028,0.01675081930862122,0.04644682058455155,0.018443
pixel_entropy,dtd,4000,0.02,80,500,256,0.032,0.01979134135128301,0.05134530159364255,0.0184345
pixel_entropy,dtd,4000,0.05,200,500,256,0.062,0.04401893261361028,0.08666023321946106,0.0202655
pixel_entropy,dtd,4000,0.1,400,500,256,0.23,0.19525432702175258,0.2688629669849352,0.0250355
pixel_entropy,dtd,4000,0.2,800,500,256,0.81,0.7732995724391238,0.8419731640717161,0.037774
pixel_entropy,dtd,4000,0.5,2000,500,256,1.0,0.9923753814690964,0.9999999999999999,0.08155699999999999
pixel_entropy,dtd,4000,1.0,4000,500,256,1.0,0.9923753814690964,0.9999999999999999,0.15580349999999998
pixel_entropy,imagenet64,100,0.0,0,500,256,0.026,0.0152562373229252,0.04397190104437119,0.11524000000000001
pixel_entropy,imagenet64,100,0.005,0,500,256,0.042,0.027632099334746148,0.06335205123956134,0.11842000000000001
pixel_entropy,imagenet64,100,0.01,1,500,256,0.042,0.027632099334746148,0.06335205123956134,0.12006
pixel_entropy,imagenet64,100,0.02,2,500,256,0.034,0.02133433944461342,0.053771805026188516,0.11914000000000001
pixel_entropy,imagenet64,100,0.05,5,500,256,0.032,0.01979134135128301,0.05134530159364255,0.1177
pixel_entropy,imagenet64,100,0.1,10,500,256,0.042,0.027632099334746148,0.06335205123956134,0.11748000000000001
pixel_entropy,imagenet64,100,0.2,20,500,256,0.03,0.018263049234083534,0.04890409218496562,0.1174
pixel_entropy,imagenet64,100,0.5,50,500,256,0.054,0.03737409848513375,0.07742706124443205,0.12084000000000002
pixel_entropy,imagenet64,100,1.0,100,500,256,0.112,0.0872623972834597,0.14265430669652132,0.13313999999999998
pixel_entropy,imagenet64,250,0.0,0,500,256,0.032,0.01979134135128301,0.05134530159364255,0.07576000000000001
pixel_entropy,imagenet64,250,0.005,1,500,256,0.022,0.01232788016714588,0.03896125514839773,0.07612000000000001
pixel_entropy,imagenet64,250,0.01,2,500,256,0.044,0.029233737680341678,0.06571991441984218,0.07733600000000002
pixel_entropy,imagenet64,250,0.02,5,500,256,0.032,0.01979134135128301,0.05134530159364255,0.07471200000000001
pixel_entropy,imagenet64,250,0.05,12,500,256,0.046,0.030844883399787512,0.06807827022627275,0.076272
pixel_entropy,imagenet64,250,0.1,25,500,256,0.046,0.030844883399787512,0.06807827022627275,0.076168
pixel_entropy,imagenet64,250,0.2,50,500,256,0.034,0.02133433944461342,0.053771805026188516,0.076184
pixel_entropy,imagenet64,250,0.5,125,500,256,0.062,0.04401893261361028,0.08666023321946106,0.080088
pixel_entropy,imagenet64,250,1.0,250,500,256,0.196,0.16357755483279346,0.23305821323399578,0.09419200000000001
pixel_entropy,imagenet64,500,0.0,0,500,256,0.052,0.03573001990962654,0.07510163829406287,0.053372
pixel_entropy,imagenet64,500,0.005,2,500,256,0.066,0.04737823802541255,0.09123993085941157,0.055360000000000006
pixel_entropy,imagenet64,500,0.01,5,500,256,0.044,0.029233737680341678,0.06571991441984218,0.05375200000000001
pixel_entropy,imagenet64,500,0.02,10,500,256,0.056,0.03902536261505807,0.07974529864038413,0.05427600000000001
pixel_entropy,imagenet64,500,0.05,25,500,256,0.036,0.022890872735181415,0.05618477326149691,0.052376000000000006
pixel_entropy,imagenet64,500,0.1,50,500,256,0.062,0.04401893261361028,0.08666023321946106,0.054492000000000006
pixel_entropy,imagenet64,500,0.2,100,500,256,0.06,0.042348086000950205,0.08436157830624476,0.055772
pixel_entropy,imagenet64,500,0.5,250,500,256,0.122,0.0961588543796491,0.15360535722971383,0.06119600000000001
pixel_entropy,imagenet64,500,1.0,500,500,256,0.35,0.3094794545296122,0.3928079310296588,0.07719200000000001
pixel_entropy,imagenet64,1000,0.0,0,500,256,0.046,0.030844883399787512,0.06807827022627275,0.037706
pixel_entropy,imagenet64,1000,0.005,5,500,256,0.038,0.024459922123289107,0.0585852253992656,0.038950000000000005
pixel_entropy,imagenet64,1000,0.01,10,500,256,0.064,0.045695733565557124,0.08895293379339062,0.038234000000000004
pixel_entropy,imagenet64,1000,0.02,20,500,256,0.054,0.03737409848513375,0.07742706124443205,0.037986000000000006
pixel_entropy,imagenet64,1000,0.05,50,500,256,0.044,0.029233737680341678,0.06571991441984218,0.038546000000000004
pixel_entropy,imagenet64,1000,0.1,100,500,256,0.06,0.042348086000950205,0.08436157830624476,0.03862
pixel_entropy,imagenet64,1000,0.2,200,500,256,0.054,0.03737409848513375,0.07742706124443205,0.039654
pixel_entropy,imagenet64,1000,0.5,500,500,256,0.22,0.1859003473955845,0.2583694389817214,0.047884
pixel_entropy,imagenet64,1000,1.0,1000,500,256,0.612,0.5685873695673256,0.6537047158817519,0.06638000000000001
pixel_entropy,imagenet64,2000,0.0,0,500,256,0.038,0.024459922123289107,0.0585852253992656,0.026983
pixel_entropy,imagenet64,2000,0.005,10,500,256,0.052,0.03573001990962654,0.07510163829406287,0.026774
pixel_entropy,imagenet64,2000,0.01,20,500,256,0.052,0.03573001990962654,0.07510163829406287,0.027016000000000002
pixel_entropy,imagenet64,2000,0.02,40,500,256,0.046,0.030844883399787512,0.06807827022627275,0.026471000000000005
pixel_entropy,imagenet64,2000,0.05,100,500,256,0.034,0.02133433944461342,0.053771805026188516,0.025948
pixel_entropy,imagenet64,2000,0.1,200,500,256,0.072,0.05245772605354006,0.09806894740891321,0.027896
pixel_entropy,imagenet64,2000,0.2,400,500,256,0.086,0.06447280005130328,0.11384038409228468,0.028961999999999998
pixel_entropy,imagenet64,2000,0.5,1000,500,256,0.334,0.2940631065718404,0.37646826678041956,0.038729999999999994
pixel_entropy,imagenet64,2000,1.0,2000,500,256,0.906,0.8772348563464386,0.928573953406468,0.059881000000000004
pixel_entropy,imagenet64,4000,0.0,0,500,256,0.034,0.02133433944461342,0.053771805026188516,0.018498
pixel_entropy,imagenet64,4000,0.005,20,500,256,0.03,0.018263049234083534,0.04890409218496562,0.018531
pixel_entropy,imagenet64,4000,0.01,40,500,256,0.042,0.027632099334746148,0.06335205123956134,0.019268
pixel_entropy,imagenet64,4000,0.02,80,500,256,0.018,0.009498085051756854,0.03385204721203399,0.017893999999999997
pixel_entropy,imagenet64,4000,0.05,200,500,256,0.032,0.01979134135128301,0.05134530159364255,0.0185485
pixel_entropy,imagenet64,4000,0.1,400,500,256,0.06,0.042348086000950205,0.08436157830624476,0.020052999999999998
pixel_entropy,imagenet64,4000,0.2,800,500,256,0.128,0.10152638796079462,0.1601463282261975,0.0220835
pixel_entropy,imagenet64,4000,0.5,2000,500,256,0.642,0.5990414871027679,0.6827931212344555,0.033757999999999996
pixel_entropy,imagenet64,4000,1.0,4000,500,256,0.998,0.9887590072528046,0.9996468726904154,0.055513999999999994
pixel_entropy,cifar100,100,0.0,0,500,256,0.056,0.03902536261505807,0.07974529864038413,0.12014000000000001
pixel_entropy,cifar100,100,0.005,0,500,256,0.04,0.026040593951356387,0.06097405509707471,0.11774000000000001
pixel_entropy,cifar100,100,0.01,1,500,256,0.03,0.018263049234083534,0.04890409218496562,0.11908000000000002
pixel_entropy,cifar100,100,0.02,2,500,256,0.036,0.022890872735181415,0.05618477326149691,0.11792000000000001
pixel_entropy,cifar100,100,0.05,5,500,256,0.038,0.024459922123289107,0.0585852253992656,0.11674000000000001
pixel_entropy,cifar100,100,0.1,10,500,256,0.026,0.0152562373229252,0.04397190104437119,0.11896000000000001
pixel_entropy,cifar100,100,0.2,20,500,256,0.024,0.013781177149521824,0.04147745969189818,0.11566000000000001
pixel_entropy,cifar100,100,0.5,50,500,256,0.056,0.03902536261505807,0.07974529864038413,0.12300000000000001
pixel_entropy,cifar100,100,1.0,100,500,256,0.13,0.10332021037816715,0.16232200733470134,0.1392
pixel_entropy,cifar100,250,0.0,0,500,256,0.054,0.03737409848513375,0.07742706124443205,0.07591200000000001
pixel_entropy,cifar100,250,0.005,1,500,256,0.05,0.03409350665098192,0.07276865002683111,0.073792
pixel_entropy,cifar100,250,0.01,2,500,256,0.032,0.01979134135128301,0.05134530159364255,0.074384
pixel_entropy,cifar100,250,0.02,5,500,256,0.034,0.02133433944461342,0.053771805026188516,0.07524800000000001
pixel_entropy,cifar100,250,0.05,12,500,256,0.042,0.027632099334746148,0.06335205123956134,0.075416
pixel_entropy,cifar100,250,0.1,25,500,256,0.046,0.030844883399787512,0.06807827022627275,0.075712
pixel_entropy,cifar100,250,0.2,50,500,256,0.046,0.030844883399787512,0.06807827022627275,0.07528800000000001
pixel_entropy,cifar100,250,0.5,125,500,256,0.096,0.07317313790557156,0.12498755386739835,0.083408
pixel_entropy,cifar100,250,1.0,250,500,256,0.274,0.2367399762569261,0.31470635131904223,0.102608
pixel_entropy,cifar100,500,0.0,0,500,256,0.048,0.03246497509125218,0.07042768006068446,0.053200000000000004
pixel_entropy,cifar100,500,0.005,2,500,256,0.038,0.024459922123289107,0.0585852253992656,0.053728000000000005
pixel_entropy,cifar100,500,0.01,5,500,256,0.056,0.03902536261505807,0.07974529864038413,0.052904000000000014
pixel_entropy,cifar100,500,0.02,10,500,256,0.044,0.029233737680341678,0.06571991441984218,0.05344800000000001
pixel_entropy,cifar100,500,0.05,25,500,256,0.06,0.042348086000950205,0.08436157830624476,0.054256
pixel_entropy,cifar100,500,0.1,50,500,256,0.06,0.042348086000950205,0.08436157830624476,0.05437600000000001
pixel_entropy,cifar100,500,0.2,100,500,256,0.084,0.06274379952220428,0.11159988309550732,0.05642400000000001
pixel_entropy,cifar100,500,0.5,250,500,256,0.154,0.12501019573842537,0.18826604028495975,0.064108
pixel_entropy,cifar100,500,1.0,500,500,256,0.542,0.4981733601090301,0.5851861719343742,0.08735599999999999
pixel_entropy,cifar100,1000,0.0,0,500,256,0.032,0.01979134135128301,0.05134530159364255,0.03798000000000001
pixel_entropy,cifar100,1000,0.005,5,500,256,0.04,0.026040593951356387,0.06097405509707471,0.03777200000000001
pixel_entropy,cifar100,1000,0.01,10,500,256,0.05,0.03409350665098192,0.07276865002683111,0.038166
pixel_entropy,cifar100,1000,0.02,20,500,256,0.038,0.024459922123289107,0.0585852253992656,0.038006
pixel_entropy,cifar100,1000,0.05,50,500,256,0.046,0.030844883399787512,0.06807827022627275,0.037666
pixel_entropy,cifar100,1000,0.1,100,500,256,0.048,0.03246497509125218,0.07042768006068446,0.03794600000000001
pixel_entropy,cifar100,1000,0.2,200,500,256,0.058,0.040683464783922846,0.08205669799739573,0.03869800000000001
pixel_entropy,cifar100,1000,0.5,500,500,256,0.292,0.25385182596325645,0.33332001534559935,0.052210000000000006
pixel_entropy,cifar100,1000,1.0,1000,500,256,0.834,0.7988639930270354,0.8640427617943212,0.078146
pixel_entropy,cifar100,2000,0.0,0,500,256,0.04,0.026040593951356387,0.06097405509707471,0.026556000000000003
pixel_entropy,cifar100,2000,0.005,10,500,256,0.034,0.02133433944461342,0.053771805026188516,0.026650000000000007
pixel_entropy,cifar100,2000,0.01,20,500,256,0.04,0.026040593951356387,0.06097405509707471,0.027082000000000005
pixel_entropy,cifar100,2000,0.02,40,500,256,0.044,0.029233737680341678,0.06571991441984218,0.026431
pixel_entropy,cifar100,2000,0.05,100,500,256,0.048,0.03246497509125218,0.07042768006068446,0.026716
pixel_entropy,cifar100,2000,0.1,200,500,256,0.046,0.030844883399787512,0.06807827022627275,0.026731
pixel_entropy,cifar100,2000,0.2,400,500,256,0.116,0.09081324505614743,0.14704246197558635,0.030119
pixel_entropy,cifar100,2000,0.5,1000,500,256,0.528,0.4841949689615891,0.5713780524006803,0.043936
pixel_entropy,cifar100,2000,1.0,2000,500,256,0.992,0.9796126401630988,0.9968847352024922,0.07222399999999998
pixel_entropy,cifar100,4000,0.0,0,500,256,0.032,0.01979134135128301,0.05134530159364255,0.018568
pixel_entropy,cifar100,4000,0.005,20,500,256,0.038,0.024459922123289107,0.0585852253992656,0.018554
pixel_entropy,cifar100,4000,0.01,40,500,256,0.03,0.018263049234083534,0.04890409218496562,0.0186965
pixel_entropy,cifar100,4000,0.02,80,500,256,0.036,0.022890872735181415,0.05618477326149691,0.018651
pixel_entropy,cifar100,4000,0.05,200,500,256,0.028,0.01675081930862122,0.04644682058455155,0.0184995
pixel_entropy,cifar100,4000,0.1,400,500,256,0.052,0.03573001990962654,0.07510163829406287,0.019752999999999996
pixel_entropy,cifar100,4000,0.2,800,500,256,0.172,0.1414536049779883,0.20754814477828426,0.023372
pixel_entropy,cifar100,4000,0.5,2000,500,256,0.812,0.7754216622802987,0.8438205757564177,0.038659500000000006
pixel_entropy,cifar100,4000,1.0,4000,500,256,1.0,0.9923753814690964,0.9999999999999999,0.0676945
BRISQUE,uniform,100,0.0,0,500,256,0.042,0.027632099334746148,0.06335205123956134,0.11812
BRISQUE,uniform,100,0.005,0,500,256,0.046,0.030844883399787512,0.06807827022627275,0.11906
BRISQUE,uniform,100,0.01,1,500,256,0.042,0.027632099334746148,0.06335205123956134,0.11928000000000001
BRISQUE,uniform,100,0.02,2,500,256,0.026,0.0152562373229252,0.04397190104437119,0.11944000000000003
BRISQUE,uniform,100,0.05,5,500,256,0.048,0.03246497509125218,0.07042768006068446,0.12340000000000001
BRISQUE,uniform,100,0.1,10,500,256,0.11,0.08549101658817662,0.140456185865928,0.14706
BRISQUE,uniform,100,0.2,20,500,256,1.0,0.9923753814690964,0.9999999999999999,0.2319
BRISQUE,uniform,100,0.5,50,500,256,1.0,0.9923753814690964,0.9999999999999999,0.50972
BRISQUE,uniform,100,1.0,100,500,256,1.0,0.9923753814690964,0.9999999999999999,1.0
BRISQUE,uniform,250,0.0,0,500,256,0.04,0.026040593951356387,0.06097405509707471,0.07587999999999999
BRISQUE,uniform,250,0.005,1,500,256,0.04,0.026040593951356387,0.06097405509707471,0.076216
BRISQUE,uniform,250,0.01,2,500,256,0.048,0.03246497509125218,0.07042768006068446,0.076744
BRISQUE,uniform,250,0.02,5,500,256,0.036,0.022890872735181415,0.05618477326149691,0.07688800000000001
BRISQUE,uniform,250,0.05,12,500,256,0.088,0.06620563711739778,0.11607704855206659,0.08712800000000001
BRISQUE,uniform,250,0.1,25,500,256,0.456,0.41284403669724773,0.4998269297334718,0.124864
BRISQUE,uniform,250,0.2,50,500,256,1.0,0.9923753814690964,0.9999999999999999,0.21406400000000006
BRISQUE,uniform,250,0.5,125,500,256,1.0,0.9923753814690964,0.9999999999999999,0.504224
BRISQUE,uniform,250,1.0,250,500,256,1.0,0.9923753814690964,0.9999999999999999,1.0
BRISQUE,uniform,500,0.0,0,500,256,0.054,0.03737409848513375,0.07742706124443205,0.05502400000000001
BRISQUE,uniform,500,0.005,2,500,256,0.05,0.03409350665098192,0.07276865002683111,0.05450800000000001
BRISQUE,uniform,500,0.01,5,500,256,0.05,0.03409350665098192,0.07276865002683111,0.054336
BRISQUE,uniform,500,0.02,10,500,256,0.062,0.04401893261361028,0.08666023321946106,0.05649600000000001
BRISQUE,uniform,500,0.05,25,500,256,0.176,0.14512588004549448,0.21181487276253086,0.07114800000000002
BRISQUE,uniform,500,0.1,50,500,256,1.0,0.9923753814690964,0.9999999999999999,0.11384000000000002
BRISQUE,uniform,500,0.2,100,500,256,1.0,0.9923753814690964,0.9999999999999999,0.20833200000000002
BRISQUE,uniform,500,0.5,250,500,256,1.0,0.9923753814690964,0.9999999999999999,0.502464
BRISQUE,uniform,500,1.0,500,500,256,1.0,0.9923753814690964,0.9999999999999999,1.0
BRISQUE,uniform,1000,0.0,0,500,256,0.048,0.03246497509125218,0.07042768006068446,0.037862
BRISQUE,uniform,1000,0.005,5,500,256,0.064,0.045695733565557124,0.08895293379339062,0.037958000000000006
BRISQUE,uniform,1000,0.01,10,500,256,0.048,0.03246497509125218,0.07042768006068446,0.038683999999999996
BRISQUE,uniform,1000,0.02,20,500,256,0.058,0.040683464783922846,0.08205669799739573,0.04106400000000001
BRISQUE,uniform,1000,0.05,50,500,256,0.502,0.4583255665425368,0.5456439349833396,0.062834
BRISQUE,uniform,1000,0.1,100,500,256,1.0,0.9923753814690964,0.9999999999999999,0.108446
BRISQUE,uniform,1000,0.2,200,500,256,1.0,0.9923753814690964,0.9999999999999999,0.204408
BRISQUE,uniform,1000,0.5,500,500,256,1.0,0.9923753814690964,0.9999999999999999,0.50122
BRISQUE,uniform,1000,1.0,1000,500,256,1.0,0.9923753814690964,0.9999999999999999,1.0
BRISQUE,uniform,2000,0.0,0,500,256,0.054,0.03737409848513375,0.07742706124443205,0.026571000000000004
BRISQUE,uniform,2000,0.005,10,500,256,0.03,0.018263049234083534,0.04890409218496562,0.026598
BRISQUE,uniform,2000,0.01,20,500,256,0.028,0.01675081930862122,0.04644682058455155,0.027489
BRISQUE,uniform,2000,0.02,40,500,256,0.078,0.057581071819524224,0.10485410622055823,0.032288000000000004
BRISQUE,uniform,2000,0.05,100,500,256,1.0,0.9923753814690964,0.9999999999999999,0.058473
BRISQUE,uniform,2000,0.1,200,500,256,1.0,0.9923753814690964,0.9999999999999999,0.10471400000000002
BRISQUE,uniform,2000,0.2,400,500,256,1.0,0.9923753814690964,0.9999999999999999,0.202434
BRISQUE,uniform,2000,0.5,1000,500,256,1.0,0.9923753814690964,0.9999999999999999,0.500624
BRISQUE,uniform,2000,1.0,2000,500,256,1.0,0.9923753814690964,0.9999999999999999,1.0
BRISQUE,uniform,4000,0.0,0,500,256,0.034,0.02133433944461342,0.053771805026188516,0.0188295
BRISQUE,uniform,4000,0.005,20,500,256,0.024,0.013781177149521824,0.04147745969189818,0.018765999999999998
BRISQUE,uniform,4000,0.01,40,500,256,0.016,0.008129155320203278,0.03125147541771118,0.020271
BRISQUE,uniform,4000,0.02,80,500,256,0.214,0.18030242285453799,0.25205885894513874,0.027069499999999996
BRISQUE,uniform,4000,0.05,200,500,256,1.0,0.9923753814690964,0.9999999999999999,0.054533
BRISQUE,uniform,4000,0.1,400,500,256,1.0,0.9923753814690964,0.9999999999999999,0.1026635
BRISQUE,uniform,4000,0.2,800,500,256,1.0,0.9923753814690964,0.9999999999999999,0.20144900000000002
BRISQUE,uniform,4000,0.5,2000,500,256,1.0,0.9923753814690964,0.9999999999999999,0.50028
BRISQUE,uniform,4000,1.0,4000,500,256,1.0,0.9923753814690964,0.9999999999999999,1.0
BRISQUE,dtd,100,0.0,0,500,256,0.03,0.018263049234083534,0.04890409218496562,0.11554
BRISQUE,dtd,100,0.005,0,500,256,0.042,0.027632099334746148,0.06335205123956134,0.12056
BRISQUE,dtd,100,0.01,1,500,256,0.034,0.02133433944461342,0.053771805026188516,0.12200000000000003
BRISQUE,dtd,100,0.02,2,500,256,0.034,0.02133433944461342,0.053771805026188516,0.11822000000000002
BRISQUE,dtd,100,0.05,5,500,256,0.042,0.027632099334746148,0.06335205123956134,0.12102000000000002
BRISQUE,dtd,100,0.1,10,500,256,0.08,0.05929780247392154,0.1071068770920373,0.13918
BRISQUE,dtd,100,0.2,20,500,256,0.608,0.5645397124401949,0.6498133699571299,0.20736000000000002
BRISQUE,dtd,100,0.5,50,500,256,1.0,0.9923753814690964,0.9999999999999999,0.44784
BRISQUE,dtd,100,1.0,100,500,256,1.0,0.9923753814690964,0.9999999999999999,0.87286
BRISQUE,dtd,250,0.0,0,500,256,0.032,0.01979134135128301,0.05134530159364255,0.07581600000000001
BRISQUE,dtd,250,0.005,1,500,256,0.044,0.029233737680341678,0.06571991441984218,0.076144
BRISQUE,dtd,250,0.01,2,500,256,0.038,0.024459922123289107,0.0585852253992656,0.07582400000000002
BRISQUE,dtd,250,0.02,5,500,256,0.048,0.03246497509125218,0.07042768006068446,0.077464
BRISQUE,dtd,250,0.05,12,500,256,0.054,0.03737409848513375,0.07742706124443205,0.08331200000000001
BRISQUE,dtd,250,0.1,25,500,256,0.268,0.23105333049086763,0.30848449250747156,0.11242400000000001
BRISQUE,dtd,250,0.2,50,500,256,1.0,0.9923753814690964,0.9999999999999999,0.18944
BRISQUE,dtd,250,0.5,125,500,256,1.0,0.9923753814690964,0.9999999999999999,0.440792
BRISQUE,dtd,250,1.0,250,500,256,1.0,0.9923753814690964,0.9999999999999999,0.8701120000000001
BRISQUE,dtd,500,0.0,0,500,256,0.034,0.02133433944461342,0.053771805026188516,0.05342000000000001
BRISQUE,dtd,500,0.005,2,500,256,0.054,0.03737409848513375,0.07742706124443205,0.053044
BRISQUE,dtd,500,0.01,5,500,256,0.04,0.026040593951356387,0.06097405509707471,0.055060000000000005
BRISQUE,dtd,500,0.02,10,500,256,0.052,0.03573001990962654,0.07510163829406287,0.055260000000000004
BRISQUE,dtd,500,0.05,25,500,256,0.13,0.10332021037816715,0.16232200733470134,0.066392
BRISQUE,dtd,500,0.1,50,500,256,0.936,0.9110470662066095,0.954304266434443,0.10298800000000001
BRISQUE,dtd,500,0.2,100,500,256,1.0,0.9923753814690964,0.9999999999999999,0.182624
BRISQUE,dtd,500,0.5,250,500,256,1.0,0.9923753814690964,0.9999999999999999,0.43836
BRISQUE,dtd,500,1.0,500,500,256,1.0,0.9923753814690964,0.9999999999999999,0.87026
BRISQUE,dtd,1000,0.0,0,500,256,0.044,0.029233737680341678,0.06571991441984218,0.038328
BRISQUE,dtd,1000,0.005,5,500,256,0.03,0.018263049234083534,0.04890409218496562,0.037642
BRISQUE,dtd,1000,0.01,10,500,256,0.046,0.030844883399787512,0.06807827022627275,0.039386000000000004
BRISQUE,dtd,1000,0.02,20,500,256,0.052,0.03573001990962654,0.07510163829406287,0.03999200000000001
BRISQUE,dtd,1000,0.05,50,500,256,0.342,0.3017647943001571,0.3846445851556084,0.057476000000000006
BRISQUE,dtd,1000,0.1,100,500,256,1.0,0.9923753814690964,0.9999999999999999,0.09648599999999999
BRISQUE,dtd,1000,0.2,200,500,256,1.0,0.9923753814690964,0.9999999999999999,0.17909799999999998
BRISQUE,dtd,1000,0.5,500,500,256,1.0,0.9923753814690964,0.9999999999999999,0.43643200000000004
BRISQUE,dtd,1000,1.0,1000,500,256,1.0,0.9923753814690964,0.9999999999999999,0.869622
BRISQUE,dtd,2000,0.0,0,500,256,0.052,0.03573001990962654,0.07510163829406287,0.027053000000000004
BRISQUE,dtd,2000,0.005,10,500,256,0.038,0.024459922123289107,0.0585852253992656,0.026571
BRISQUE,dtd,2000,0.01,20,500,256,0.04,0.026040593951356387,0.06097405509707471,0.028237
BRISQUE,dtd,2000,0.02,40,500,256,0.056,0.03902536261505807,0.07974529864038413,0.030548000000000002
BRISQUE,dtd,2000,0.05,100,500,256,0.968,0.9486546984063574,0.980208658648717,0.051578000000000006
BRISQUE,dtd,2000,0.1,200,500,256,1.0,0.9923753814690964,0.9999999999999999,0.092249
BRISQUE,dtd,2000,0.2,400,500,256,1.0,0.9923753814690964,0.9999999999999999,0.177112
BRISQUE,dtd,2000,0.5,1000,500,256,1.0,0.9923753814690964,0.9999999999999999,0.436184
BRISQUE,dtd,2000,1.0,2000,500,256,1.0,0.9923753814690964,0.9999999999999999,0.8691949999999999
BRISQUE,dtd,4000,0.0,0,500,256,0.032,0.01979134135128301,0.05134530159364255,0.018843
BRISQUE,dtd,4000,0.005,20,500,256,0.024,0.013781177149521824,0.04147745969189818,0.0195315
BRISQUE,dtd,4000,0.01,40,500,256,0.024,0.013781177149521824,0.04147745969189818,0.020200000000000003
BRISQUE,dtd,4000,0.02,80,500,256,0.116,0.09081324505614743,0.14704246197558635,0.025114
BRISQUE,dtd,4000,0.05,200,500,256,1.0,0.9923753814690964,0.9999999999999999,0.0480685
BRISQUE,dtd,4000,0.1,400,500,256,1.0,0.9923753814690964,0.9999999999999999,0.090082
BRISQUE,dtd,4000,0.2,800,500,256,1.0,0.9923753814690964,0.9999999999999999,0.176079
BRISQUE,dtd,4000,0.5,2000,500,256,1.0,0.9923753814690964,0.9999999999999999,0.43512599999999996
BRISQUE,dtd,4000,1.0,4000,500,256,1.0,0.9923753814690964,0.9999999999999999,0.8690435
BRISQUE,imagenet64,100,0.0,0,500,256,0.034,0.02133433944461342,0.053771805026188516,0.11700000000000002
BRISQUE,imagenet64,100,0.005,0,500,256,0.022,0.01232788016714588,0.03896125514839773,0.11630000000000001
BRISQUE,imagenet64,100,0.01,1,500,256,0.044,0.029233737680341678,0.06571991441984218,0.11912
BRISQUE,imagenet64,100,0.02,2,500,256,0.024,0.013781177149521824,0.04147745969189818,0.11678000000000001
BRISQUE,imagenet64,100,0.05,5,500,256,0.052,0.03573001990962654,0.07510163829406287,0.12278
BRISQUE,imagenet64,100,0.1,10,500,256,0.138,0.11051755348949738,0.17100267032687666,0.14756
BRISQUE,imagenet64,100,0.2,20,500,256,0.768,0.7290418422345863,0.8028713622328494,0.22082
BRISQUE,imagenet64,100,0.5,50,500,256,1.0,0.9923753814690964,0.9999999999999999,0.47726
BRISQUE,imagenet64,100,1.0,100,500,256,1.0,0.9923753814690964,0.9999999999999999,0.92852
BRISQUE,imagenet64,250,0.0,0,500,256,0.042,0.027632099334746148,0.06335205123956134,0.074744
BRISQUE,imagenet64,250,0.005,1,500,256,0.032,0.01979134135128301,0.05134530159364255,0.074688
BRISQUE,imagenet64,250,0.01,2,500,256,0.044,0.029233737680341678,0.06571991441984218,0.07676000000000001
BRISQUE,imagenet64,250,0.02,5,500,256,0.048,0.03246497509125218,0.07042768006068446,0.077832
BRISQUE,imagenet64,250,0.05,12,500,256,0.092,0.0696823665014548,0.12053932221976234,0.085424
BRISQUE,imagenet64,250,0.1,25,500,256,0.38,0.3385215907441222,0.42330831770329463,0.11944
BRISQUE,imagenet64,250,0.2,50,500,256,1.0,0.9923753814690964,0.9999999999999999,0.20251200000000003
BRISQUE,imagenet64,250,0.5,125,500,256,1.0,0.9923753814690964,0.9999999999999999,0.470368
BRISQUE,imagenet64,250,1.0,250,500,256,1.0,0.9923753814690964,0.9999999999999999,0.9234800000000001
BRISQUE,imagenet64,500,0.0,0,500,256,0.054,0.03737409848513375,0.07742706124443205,0.054332000000000005
BRISQUE,imagenet64,500,0.005,2,500,256,0.046,0.030844883399787512,0.06807827022627275,0.053472000000000006
BRISQUE,imagenet64,500,0.01,5,500,256,0.04,0.026040593951356387,0.06097405509707471,0.053444000000000005
BRISQUE,imagenet64,500,0.02,10,500,256,0.044,0.029233737680341678,0.06571991441984218,0.05484000000000001
BRISQUE,imagenet64,500,0.05,25,500,256,0.158,0.1286522063728175,0.1925630327023204,0.06911600000000001
BRISQUE,imagenet64,500,0.1,50,500,256,0.996,0.9855339859585811,0.9989023924587627,0.108924
BRISQUE,imagenet64,500,0.2,100,500,256,1.0,0.9923753814690964,0.9999999999999999,0.19598
BRISQUE,imagenet64,500,0.5,250,500,256,1.0,0.9923753814690964,0.9999999999999999,0.46591600000000005
BRISQUE,imagenet64,500,1.0,500,500,256,1.0,0.9923753814690964,0.9999999999999999,0.921984
BRISQUE,imagenet64,1000,0.0,0,500,256,0.052,0.03573001990962654,0.07510163829406287,0.038448
BRISQUE,imagenet64,1000,0.005,5,500,256,0.032,0.01979134135128301,0.05134530159364255,0.037956000000000004
BRISQUE,imagenet64,1000,0.01,10,500,256,0.042,0.027632099334746148,0.06335205123956134,0.038566
BRISQUE,imagenet64,1000,0.02,20,500,256,0.048,0.03246497509125218,0.07042768006068446,0.041488000000000004
BRISQUE,imagenet64,1000,0.05,50,500,256,0.418,0.37555228526740775,0.4616981521716604,0.06035000000000001
BRISQUE,imagenet64,1000,0.1,100,500,256,1.0,0.9923753814690964,0.9999999999999999,0.10288400000000002
BRISQUE,imagenet64,1000,0.2,200,500,256,1.0,0.9923753814690964,0.9999999999999999,0.191212
BRISQUE,imagenet64,1000,0.5,500,500,256,1.0,0.9923753814690964,0.9999999999999999,0.463092
BRISQUE,imagenet64,1000,1.0,1000,500,256,1.0,0.9923753814690964,0.9999999999999999,0.920214
BRISQUE,imagenet64,2000,0.0,0,500,256,0.06,0.042348086000950205,0.08436157830624476,0.027212000000000004
BRISQUE,imagenet64,2000,0.005,10,500,256,0.028,0.01675081930862122,0.04644682058455155,0.026809
BRISQUE,imagenet64,2000,0.01,20,500,256,0.038,0.024459922123289107,0.0585852253992656,0.027592000000000002
BRISQUE,imagenet64,2000,0.02,40,500,256,0.088,0.06620563711739778,0.11607704855206659,0.031853
BRISQUE,imagenet64,2000,0.05,100,500,256,0.998,0.9887590072528046,0.9996468726904154,0.055208
BRISQUE,imagenet64,2000,0.1,200,500,256,1.0,0.9923753814690964,0.9999999999999999,0.09859
BRISQUE,imagenet64,2000,0.2,400,500,256,1.0,0.9923753814690964,0.9999999999999999,0.188781
BRISQUE,imagenet64,2000,0.5,1000,500,256,1.0,0.9923753814690964,0.9999999999999999,0.46189700000000006
BRISQUE,imagenet64,2000,1.0,2000,500,256,1.0,0.9923753814690964,0.9999999999999999,0.9189930000000001
BRISQUE,imagenet64,4000,0.0,0,500,256,0.028,0.01675081930862122,0.04644682058455155,0.0193495
BRISQUE,imagenet64,4000,0.005,20,500,256,0.028,0.01675081930862122,0.04644682058455155,0.019159500000000003
BRISQUE,imagenet64,4000,0.01,40,500,256,0.042,0.027632099334746148,0.06335205123956134,0.020529500000000003
BRISQUE,imagenet64,4000,0.02,80,500,256,0.174,0.14328895399220098,0.20968229728994797,0.0262395
BRISQUE,imagenet64,4000,0.05,200,500,256,1.0,0.9923753814690964,0.9999999999999999,0.05175450000000001
BRISQUE,imagenet64,4000,0.1,400,500,256,1.0,0.9923753814690964,0.9999999999999999,0.096326
BRISQUE,imagenet64,4000,0.2,800,500,256,1.0,0.9923753814690964,0.9999999999999999,0.1867675
BRISQUE,imagenet64,4000,0.5,2000,500,256,1.0,0.9923753814690964,0.9999999999999999,0.460619
BRISQUE,imagenet64,4000,1.0,4000,500,256,1.0,0.9923753814690964,0.9999999999999999,0.9182215
BRISQUE,cifar100,100,0.0,0,500,256,0.04,0.026040593951356387,0.06097405509707471,0.11982
BRISQUE,cifar100,100,0.005,0,500,256,0.046,0.030844883399787512,0.06807827022627275,0.11666000000000001
BRISQUE,cifar100,100,0.01,1,500,256,0.034,0.02133433944461342,0.053771805026188516,0.11806
BRISQUE,cifar100,100,0.02,2,500,256,0.034,0.02133433944461342,0.053771805026188516,0.11798000000000002
BRISQUE,cifar100,100,0.05,5,500,256,0.034,0.02133433944461342,0.053771805026188516,0.11858000000000002
BRISQUE,cifar100,100,0.1,10,500,256,0.05,0.03409350665098192,0.07276865002683111,0.12048000000000002
BRISQUE,cifar100,100,0.2,20,500,256,0.044,0.029233737680341678,0.06571991441984218,0.11934
BRISQUE,cifar100,100,0.5,50,500,256,0.04,0.026040593951356387,0.06097405509707471,0.11982000000000002
BRISQUE,cifar100,100,1.0,100,500,256,0.076,0.05586871073410857,0.10259696578009747,0.12742
BRISQUE,cifar100,250,0.0,0,500,256,0.046,0.030844883399787512,0.06807827022627275,0.07536000000000001
BRISQUE,cifar100,250,0.005,1,500,256,0.048,0.03246497509125218,0.07042768006068446,0.07732000000000001
BRISQUE,cifar100,250,0.01,2,500,256,0.03,0.018263049234083534,0.04890409218496562,0.07460000000000001
BRISQUE,cifar100,250,0.02,5,500,256,0.052,0.03573001990962654,0.07510163829406287,0.075136
BRISQUE,cifar100,250,0.05,12,500,256,0.034,0.02133433944461342,0.053771805026188516,0.07662400000000001
BRISQUE,cifar100,250,0.1,25,500,256,0.048,0.03246497509125218,0.07042768006068446,0.077048
BRISQUE,cifar100,250,0.2,50,500,256,0.062,0.04401893261361028,0.08666023321946106,0.07764000000000001
BRISQUE,cifar100,250,0.5,125,500,256,0.054,0.03737409848513375,0.07742706124443205,0.07848000000000001
BRISQUE,cifar100,250,1.0,250,500,256,0.118,0.09259259259259259,0.14923261596501758,0.089792
BRISQUE,cifar100,500,0.0,0,500,256,0.056,0.03902536261505807,0.07974529864038413,0.054492000000000006
BRISQUE,cifar100,500,0.005,2,500,256,0.046,0.030844883399787512,0.06807827022627275,0.05173200000000001
BRISQUE,cifar100,500,0.01,5,500,256,0.038,0.024459922123289107,0.0585852253992656,0.053072
BRISQUE,cifar100,500,0.02,10,500,256,0.078,0.057581071819524224,0.10485410622055823,0.054964000000000006
BRISQUE,cifar100,500,0.05,25,500,256,0.056,0.03902536261505807,0.07974529864038413,0.054504000000000004
BRISQUE,cifar100,500,0.1,50,500,256,0.062,0.04401893261361028,0.08666023321946106,0.055516
BRISQUE,cifar100,500,0.2,100,500,256,0.074,0.05416087387750307,0.10033530111082659,0.05589200000000001
BRISQUE,cifar100,500,0.5,250,500,256,0.11,0.08549101658817662,0.140456185865928,0.062076
BRISQUE,cifar100,500,1.0,500,500,256,0.256,0.21970707865540234,0.29601373518767854,0.072116
BRISQUE,cifar100,1000,0.0,0,500,256,0.048,0.03246497509125218,0.07042768006068446,0.03852400000000001
BRISQUE,cifar100,1000,0.005,5,500,256,0.064,0.045695733565557124,0.08895293379339062,0.03896000000000001
BRISQUE,cifar100,1000,0.01,10,500,256,0.054,0.03737409848513375,0.07742706124443205,0.038298
BRISQUE,cifar100,1000,0.02,20,500,256,0.042,0.027632099334746148,0.06335205123956134,0.03772800000000001
BRISQUE,cifar100,1000,0.05,50,500,256,0.05,0.03409350665098192,0.07276865002683111,0.037902
BRISQUE,cifar100,1000,0.1,100,500,256,0.076,0.05586871073410857,0.10259696578009747,0.04033
BRISQUE,cifar100,1000,0.2,200,500,256,0.06,0.042348086000950205,0.08436157830624476,0.0403
BRISQUE,cifar100,1000,0.5,500,500,256,0.166,0.13595723820567882,0.20113600697296466,0.047222
BRISQUE,cifar100,1000,1.0,1000,500,256,0.512,0.4682614535997027,0.5555555555555556,0.061802
BRISQUE,cifar100,2000,0.0,0,500,256,0.048,0.03246497509125218,0.07042768006068446,0.027058
BRISQUE,cifar100,2000,0.005,10,500,256,0.068,0.04906621332682857,0.09352145708387197,0.027885
BRISQUE,cifar100,2000,0.01,20,500,256,0.042,0.027632099334746148,0.06335205123956134,0.026918
BRISQUE,cifar100,2000,0.02,40,500,256,0.058,0.040683464783922846,0.08205669799739573,0.027989000000000003
BRISQUE,cifar100,2000,0.05,100,500,256,0.064,0.045695733565557124,0.08895293379339062,0.028097
BRISQUE,cifar100,2000,0.1,200,500,256,0.08,0.05929780247392154,0.1071068770920373,0.029155
BRISQUE,cifar100,2000,0.2,400,500,256,0.106,0.08195666053446124,0.1360515388678906,0.030817999999999998
BRISQUE,cifar100,2000,0.5,1000,500,256,0.382,0.3404638838756496,0.42533552609764363,0.039960999999999997
BRISQUE,cifar100,2000,1.0,2000,500,256,0.874,0.842031642241812,0.9002651430970722,0.05597
BRISQUE,cifar100,4000,0.0,0,500,256,0.044,0.029233737680341678,0.06571991441984218,0.019386499999999997
BRISQUE,cifar100,4000,0.005,20,500,256,0.03,0.018263049234083534,0.04890409218496562,0.0194345
BRISQUE,cifar100,4000,0.01,40,500,256,0.05,0.03409350665098192,0.07276865002683111,0.019617
BRISQUE,cifar100,4000,0.02,80,500,256,0.03,0.018263049234083534,0.04890409218496562,0.019366
BRISQUE,cifar100,4000,0.05,200,500,256,0.056,0.03902536261505807,0.07974529864038413,0.020512999999999997
BRISQUE,cifar100,4000,0.1,400,500,256,0.1,0.07667718662472012,0.1294225082000026,0.021776999999999998
BRISQUE,cifar100,4000,0.2,800,500,256,0.178,0.14696436225520904,0.2139458920786927,0.02471
BRISQUE,cifar100,4000,0.5,2000,500,256,0.714,0.6728760546154563,0.7518606086533169,0.034796
BRISQUE,cifar100,4000,1.0,4000,500,256,1.0,0.9923753814690964,0.9999999999999999,0.05304
